company,count
7N,170
Atos ,118
PAYBACK,114
Reply,111
ALDI Tech Hub,91
PwC Polska,87
HSBC Service Delivery,84
Splunk,77
mBank,75
Infogain,72
COIG S.A.,72
PeakData,70
Accenture,70
Harman Connected Services,67
ITDS,67
Ntiative,66
Samsung R&D Institute Poland,63
KRUK S.A,61
Playtika,61
Egnyte Poland,59
Plenti,59
Nokia,58
Royal Gambit Sp. z o.o.,57
DRÄXLMAIER,55
Allegro,53
Devire,53
Sigma IT Poland,52
Procter & Gamble,49
Consid,46
DOZ S.A.,45
T-Mobile Polska S.A.,43
CRED ,43
DevsData LLC,42
Research.com,41
Cavendish Professionals,41
People More,40
Limango Polska,40
WIPRO,39
Ciklum ,39
Affirm,39
Duco,38
Arla,38
INSIGHT,38
proALPHA Group,38
Software Interactive Sp. z o.o.,38
Guesty Inc,38
iMakeable,38
WASKO S.A.,37
emagine Polska,35
KPMG,35
HL Tech,35
Onwelo Sp. z o.o.,34
Phoenix Contact,34
WP Engine,34
ITligent,33
NASK S.A.,33
Predica Sp. z o.o.,33
STATSCORE Sp. z o.o.,32
Billennium,31
Appfire,31
Fellowmind,31
NaviParking,31
Verestro SA,31
ING Poland Hubs,30
Crimson Panda,30
XPERI Poland,30
eSky.pl,30
SMART business,30
LSEG,30
IQVIA Commercial Sp. z o.o.,30
Symfonia,30
Product Madness,29
PeopleTrust Sp. z o.o.,29
Benefit Systems,28
SmartBear,28
Connectis,27
Capgemini Polska,27
N-iX,27
Sii,27
Experis Manpower Group,27
Wazdan Solutions,27
Unity Group ,26
Polska Grupa Lotnicza,26
Tidio,26
DNV,25
Mindbox,25
Netguru,25
Emerge IT Support,25
CRODU,25
Crestt,24
Order Group,24
Exatel S.A.,24
SchenkerTechnologyCenter Warsaw Sp.zo.o.,24
Setapp,24
BEC Poland,24
HR Bank / Headhunting Agency,24
Codilime,24
BURY,23
MasterBorn Sp. z o.o.,23
Decerto,23
Demant,23
Deloitte Polska,23
Compuco,22
Meble Wójcik,22
Cognizant Technology Solutions,22
o4b Sp. z o.o.,22
Kainos,22
StratsLab,22
Cpl Poland,22
Mobile Vikings,21
Nordic Services sp. z o.o.,21
PMI,21
Quad IT Global Solutions,21
Skillspark,21
Altimetrik Poland,21
Heretto,21
Nordea,21
OpusCapita,21
Shaped Thoughts,21
Clouds on Mars Sp. z o.o.,21
Concentrix,21
Finkorp,21
Future Processing,20
LLInformatics ,20
TKH Technology,20
First Line Software,20
Haddad Brands,20
Polar Night Software,20
Whirly,20
Evertz,20
Digital First AI,20
Universal Investment,20
Cere Network,20
Alstom,20
Elsewhen,20
Cryptocurrency Software Solutions,19
PubNub,19
Murka,19
Infinite,19
10Clouds,19
Ragnarson,19
Hypatos.ai,19
Vodeno,19
adshero,19
CXC Global Poland SP z.o.o,19
Jakdojade (City-nav Sp. z o.o.),19
eo Networks,19
Nortal,19
iSourceTec,19
Qualtrics,19
dotLinkers,19
Unide,19
Knowit Poland sp. z o.o. ,19
Omtech Sp. z o.o.,19
Dataedo,19
Endava,19
ARCHE CONSULTING,18
Stonex Poland,18
Vienna Insurance Group Polska,18
Alter Solutions Polska,18
Aplikacje Krytyczne,18
Medicover,18
kaes.,18
CKSource,17
Xebia sp. z o.o.,17
Divante,17
Raben,16
Fujitsu Technology Solutions Sp. z o.o.,16
Atos Polska,16
DNA Technology,16
Blue Media S.A.,16
CloudFerro sp. z o.o.,16
BNP Paribas SA oddział w Polsce,16
PSE Innowacje sp. z o.o.,15
Accenture Sp. z o. o.,15
Distribusion Technologies,15
Grape Up,15
Enxoo,15
NeuroSYS,15
Codibly,14
Respect Energy,14
Primaris,14
Dynatrace,14
BNP Paribas Bank Polska,14
Sollers Consulting Sp. z.o.o,14
Gibbs Hybrid Poland,14
Consult Red,14
Neontri,14
Objectivity,14
ASSA ABLOY,14
Simplicity Recruitment,14
Sopra Steria,14
Silky Coders,14
GGS IT Consulting,13
Datumo,13
Sigma Software,13
ADASTRA,13
CloudTalk,13
Bosch Polska,13
Generali Poland,13
BCF Software Sp. z o.o.,13
Axabee,13
Code Poets,13
Exness,12
Severalnines,12
ProService Finteco Sp. z o.o.,12
VM.PL,12
Margo,12
FINANTEQ,12
EENGINE Sp. z o.o.,12
Medpace,12
Playbook Engineering,12
NeoGames,12
Infoprojekt sp. z o. o. ,12
BitBag,12
QATestLab,12
ASTEK Polska,12
Consileon Polska,12
Aterian,12
Q-PERIOR Polska,12
DXC Technology,12
ITMAGINATION,11
Volue Sp. z o.o.,11
Grupa ABS,11
GRUPA INTERIA.PL,11
Vality,11
QualityMinds,11
DSV ISS,11
Flyps,11
Pontica Solutions,11
BlueSoft,11
Laurens Coster Sp. z o.o.,11
home.pl,11
Lemisoft,11
Przelewy24,11
i2a Solutions,11
ITFS,11
PPM,11
SoftTech,11
Heineken,11
SETH SOFTWARE sp. z o.o.,11
HAYS Poland,10
Schibsted,10
JAAQOB,10
Sirocco Mobile,10
Odrabiamy.pl,10
Software-House.eu,10
MeDirect ,10
SLODKIE,10
MeDirect,10
eStoreMedia sp. z o.o.,10
KMD Poland,10
Starburst,10
Displate,10
Master of Code Global,10
Comtegra,10
Kaseya,10
Payarto,10
Sevenet S.A.,10
ClearCourse Dev,10
BPMRIDERS,10
Corva,10
Bank Millennium,10
ITLT,10
Envelo,10
AG Systems,10
StepStone Services,10
RxS,10
BonaSoft Sp. z o.o.,10
amb software,10
Adanto Software,10
Averna,10
Adamed,10
Sofomo,10
myTU,10
SonarHome S. A.,10
Analyx,10
Lyreco Advantage,10
KODLAND,10
hubQuest,10
SEEKR,10
Adchitects,10
FLOWAIR Sp. z o.o.,10
LiveChat Software SA,10
Focusly Sp. z o.o.,10
Sastrify,10
Develtio,10
Iver Polska,10
Startup Development House,10
Daytrip,10
Fiserv Polska S.A.,10
Adaptiq,10
X13,10
GreenWay Polska,10
Growl,10
Ice Code Games,10
Tesco Technology,9
IN Team,9
Snowflake,9
Macrix Technology Group,9
NTT DATA Business Solutions,9
Drukarnia Interak,9
Link Group,9
Supermetrics,9
Human4Human Recruitment,9
Miquido,9
Aptiv Services Poland S.A.,9
Direct Communication,9
YES Biżuteria,9
PKO Bank Polski,9
Mc COMP S.A.,9
TransferGo,9
WIZCODE,9
Synerise,9
Comarch,9
Volven,9
PROLIGHT Sp. z o.o.,9
From Poland With Dev,9
apreel,9
DCG ,9
Punkta Pro,9
Paramount,9
Synergy Sports,9
Pentacomp Systemy Informatyczne S.A.,9
QBICO Sp. z o.o.,9
Tooploox,9
PKO BP Finat,9
Halfing&Petersen,8
Avanade Poland,8
Transition Technologies-Systems,8
CERI International,8
Inspeerity,8
Ligo Headhunters,8
CodeTwo - HRejterzy,8
DO OK • Life-changing software services,8
Redge Technologies,8
Ringier Axel Springer Polska,8
j-labs,8
Appliscale,8
Asseco Data Systems,8
sky gate,8
IPF Digital,8
e-Loop,8
Swyply,8
ERLI S.A.,8
PCSS,8
dmt Software House,8
Pivotal Polska Sp. z o.o.,8
LSJ HR Group,8
EcoVadis,8
Polcode,8
Provident Polska,8
STEPWISE,8
Winged IT,8
Insys Video Technologies,8
Macopedia,8
VeloBank S.A.,8
UNIQA,8
Scalo,8
Brunata Zenner,8
David Kennedy Recruitment Inc.,8
Centra,8
Haleon,8
Luxoft Poland,8
Svitla Systems,8
Itera,8
PPG,8
S&P Global,8
Eagle Recruitment,7
Survicate,7
Pragmile,7
Ramp Network,7
MEV,7
Siepomaga.pl,7
KUBO,7
Dassault Systemes,7
Nexio Management,7
Fabres,7
VlogIT,7
Spyrosoft,7
Simply Talented,7
Geotronics Dystrybucja Sp. z o.o.,7
LUX MED Sp. z o. o.,7
Randstad Polska Sp. z o.o.,7
Nethone,7
Optiveum,7
Polkomtel Sp. z o.o.,7
FIS Technology Services,7
Crealogix,7
Opera Software,7
Mudita,7
Andersen,7
XTB,7
NFQ,7
KLG Solutions Sp. z o.o.,7
Creative Ideas Sp. z o.o.,7
Hempel Paints,7
Printbox,6
CDQ,6
Falck IT Poland Sp. z o.o.,6
SoftServe,6
SPEEDNET,6
MAN Trucks Sp. z o.o.,6
Exadel Poland sp. z o.o.,6
Consdata S.A.,6
Lumen Technologies,6
Polskie Sieci Elektroenergetyczne S.A.,6
Clearcode,6
SOLEX B2B,6
in4mates,6
Callstack,6
Axbit,6
G&L Consulting Group,6
Inetum Poland Sp. z o.o. ,6
Team Up,6
Promethean World,6
GetInData | Part of Xebia,6
Empik,6
Grupa Kapitałowa VOX,6
POLSKIE ePŁATNOŚCI S.A.,6
CottonBee,6
EWL powered by SyncHRoner,6
X-ONE,6
EPAM Systems,6
Citi,6
OUTWORKING S.A>,6
DTiQ Poland SP. z o.o.,6
Dark Passenger,6
SCS Expert Sp. zo.o.,6
Keyloop,6
AUTENTI Sp. z o.o.,6
EQ SYSTEM sp. z o.o.,6
Wirtualna Polska Media S.A. ,6
Accenture Sp. z o.o. ,6
Clurgo,6
Next Technology Professionals,6
Wunderman Thompson Technology,6
HireOne IT Recruitment,6
Kearney,6
The Codest,5
SmartRecruiters Inc.,5
VOLT,5
Noctuai,5
Cogit,5
PartnersPol Group Sp. z o.o,5
Codelab Sp. z o.o.,5
Boldare,5
Booksy,5
in4ge sp. z o.o.,5
GTV OFFICE,5
CERSANIT S.A.,5
Evolution,5
SpotOn,5
Krakow Direct,5
Luxdone,5
BRAINLY,5
SwingDev,5
STX Next,5
Kitopi,5
NATEK,5
Euro-Tax.pl,5
Ideo Sp. z o.o.,5
Inter Cars S.A.,5
DROSED HOLDING,5
SILENT EIGHT,5
Done Deliveries Sp. z o.o. SK.,5
Unikie,5
apetigo,5
The Software House,5
eService Sp. z o.o.,5
Tipico,5
core3,5
C&F S.A.,5
Metegrity,5
Awareson Sp. z o.o.,5
Kalepa,5
INFOR IT,5
GRH Polska,5
DahliaMatic Sp. z o.o.,5
RADMOR SA,5
Future Mind,5
Sport Alliance GmbH,5
Bergman Engineering,5
makeitright,5
Commerzbank,5
DataWalk,5
AirHelp,5
Kongsberg Maritime Poland Sp. z  o.o.,5
Power Diary,5
IG Group,5
Techland,4
Softax,4
JKB Group,4
Posnet Polska S.A.,4
Snigel,4
BaseLinker,4
Veolia Energia Polska,4
Convista Poland | axxiome,4
Softwareact,4
Zoolatech,4
EQTek,4
IQVIA,4
CDeX,4
EcoChain,4
SoftPos.eu,4
Xenoss,4
Customertimes,4
B2B Soft,4
Burda Media Polska,4
ITFS ,4
ArdentCode,4
SimplyVision GmbH,4
Reckitt,4
Grupa Bemo Motors,4
Bim.Point,4
Britenet,4
Merixstudio,4
Wildland,4
INPROX,4
NEUCA S.A.,4
Szkoła w Chmurze,4
BlueRider.Software Sp. z o.o.,4
Micro Solutions,4
Netcompany Poland,4
Wyższa Szkoła Kształcenia Zawodowego,4
Bright Inventions,4
ClickMeeting,4
Scalaric,4
FinTech Development Program,4
Remitly,4
Apzumi,4
Airspace Intelligence,4
gnStudio,4
"dotData, Inc.",4
Piwik PRO,4
Veolia Centrum Usług Wspólnych,4
Esotiq & Henderson S.A.,4
Relia Sol,4
AFRY,4
Wonder Miles,4
YieldRiser,4
Yusen Logistics (Polska) Sp. z o.o.,4
Barry Callebaut SSC Europe Sp. z o.o.,4
Idego,4
BPX,4
Isolution,4
Anixe,4
GN,4
OpsTalent,4
Klika Tech sp. z o.o.,4
Inhabit,4
Clorce Solutions,4
IT Squad,4
Schulke Polska Sp. z o.o.,4
Sigmoidal,4
Apptio,4
Inn4tech Recruitment,4
Andea,4
Polska Press sp. z o.o.,4
Lead Investments Sp. z o.o.,4
Ciech Group,4
Cabify,4
Dabster Systems,4
Sedivio,4
Yggdrasil Gaming,4
Ignite Procurement,4
Motorola Solutions,4
Acturis Poland Sp. z o.o.,4
Alior Bank SA,4
Provectus,4
Web24.com.pl sp. z o.o.,4
HexOcean sp z.o.o.,4
IFIRMA S.A.,4
GuestTek,4
TALEX S.A.,4
Fingoweb,4
GRUPA TRANSPORTOWA,4
WILK ELEKTRONIK S.A.,4
Montrose Software (Polska) Sp.z.o.o,4
Omada Poland,4
Digiteum,4
Edgeteq,4
Fudo Security,3
iRonin.IT,3
Hostersi,3
Rentals United,3
Studio Software,3
Solid Bridge Solutions Sp. z o.o.,3
Upside,3
Envirly,3
Lerta,3
Aspire Systems Poland,3
Advox Studio,3
David Kennedy Recruitment,3
Vertex Solutions,3
Aon,3
Conscensia,3
Real Recruitment Solutions,3
House of Angular,3
Execon,3
NET PC sp. z o.o.,3
Mikronika,3
Carnect / MicronNexus GmbH,3
ADVA Optical Networking Sp. z o.o.,3
TeamQuest,3
Capco Poland,3
Eagle Eye Staffing Solutions,3
DRÄXLMAIER Polska,3
Prodensa Group,3
Craftware,3
Creanso,3
KOTRAK S.A.,3
PN standard,3
Hardware Direct,3
Detable,3
Droplo,3
Daftmobile,3
Square One,3
Deviniti,3
Omega Pilzno,3
Gerdes Technik,3
SoftwareHut Sp. z o.o.,3
Betsys,3
Net Innovation Software,3
Tink,3
OChK,3
Sikla Polska,3
On The Spot Development,3
GSK,3
eConsulting Sp. z o.o.,3
JSS associates,3
Program Kariera: staż w firmie Żabka,3
Innovation Software Sp. z o.o.,3
Finestmedia,3
Żabka Future,3
monday.com,3
Erbis,3
FORCOM Sp. z o.o.,3
Medius,3
Uniteam Sp. z o.o.,3
Infopulse,3
Eko-Okna S.A.,3
Cognite,3
S3 Connected Health,3
Coloplast Business Centre,3
INELO Polska,3
itCraft,3
Bitnoise,3
QTF (ex. QualityTaskForce),3
ITTI,3
Apilo,3
Senovo -It,3
BOLD PL,3
JOYNEXT,3
Mate academy,3
Waytogrow,3
Waynet,3
GeoComply,3
summ-it,3
RST sp. z o.o. sp.k.,3
Reliant Safety LLC,3
LiveKid,3
TRUMPF Huettinger Sp. z o.o.,3
STS,3
ZABBIX,3
FELG Software,3
Zarys International Group Sp.zo.o. Sp.k.,3
Appwise Software House,3
Match-Trade Technologies,3
FIBARO,3
NiceProject,3
Rescompany Systems,3
CFI World S. A.,3
DataArt,3
BlockLabs,3
MPC,3
QED Software,3
BNY Mellon (Poland) Sp. z o.o.,3
Acaisoft,3
4Experience Sp. z o. o.,3
P&P Solutions,3
NDI,3
Sente,3
Recruitee,3
Navigal Sp. z o.o.,3
Etos S.A.,3
Northpass,3
Devqube Sp. z o.o.,3
WearTech,3
ITS International Services Sp. z o.o.,3
Trodat Polska,3
Open Loyalty,3
ERGO Hestia,3
Apius Technologies S.A.,3
Janipol Meble Polska,3
JellyTech Sp. z o.o.,3
Circle K Business Centre,2
Kuehne+Nagel,2
Żabka Polska,2
FORDATA,2
C. H. Robinson,2
Adform Sp. z o.o.,2
Webellian Sp.z o o,2
Videoslots Ltd.,2
Surveily Sp. z.o. o.,2
PWPW S.A,2
Sorigo,2
Degree,2
L2BEAT,2
System Verification,2
Black Label,2
Ordersoft sp. z o.o.,2
Standard Chartered GBS Sp. z o.o.,2
Payfit,2
Efigence,2
DEVnet HPS,2
Nationale-Nederlanden,2
Apollogic,2
Vercom S.A.,2
Transition Technologies Science,2
Appwise,2
IDO Electronics,2
ATENEUM sp. z o.o. sp.j.,2
co.brick,2
DEVTALENTS,2
GameDev Tube,2
Grupa Komputronik,2
Besoftaware,2
The Dots Connected,2
Clever Grapes,2
HiQo Solutions,2
feedink.com,2
TSS,2
Goelett,2
Talpa Soft,2
eLeader Sp. z o.o.,2
Chainlink,2
Efigence S.A.,2
E.ON Polska IT Support,2
Banqsoft,2
Tietoevry ,2
Superdevs,2
EG EXTENSA sp. z o.o. sp.k.,2
SatRev S.A.,2
Onwelo S.A.,2
Flaire,2
Equiniti,2
GuideVision Polska,2
Leroy Merlin Polska,2
SoftKraft,2
Bluestone Poland Sp. z o.o.,2
Accenture ,2
Devbridge,2
SimCorp,2
Inuits,2
One Dynamics,2
Devapo,2
Mobile Reality,2
HR XPERIENCE Group,2
Cofinity,2
Nais,2
autoDNA,2
airSlate,2
Kingit,2
LeoVegas,2
Sylvamo,2
Tpay,2
Raiffeisen Bank International AG,2
Twisto Polska Sp. z o.o.,2
Flying Bisons,2
Recursive,2
Virtual People,2
VOLT | Open Banking Payments,2
artgeist sp zo.o.,2
SKYCASH POLAND S.A.,2
mTab Poland,2
Atman,2
NETlogic,2
MM Packaging Polska Sp.z o.o.,2
Adverity,2
Backbase,2
Orsted,2
WhitePress,2
Sdncenter Sp. z o.o.,2
Trans.eu Group SA,2
Mostly.AI,2
Zepter IT Sp. z o.o.,2
SPOC S.A.,2
MST sp. z o.o.,2
Exlabs Software Ltd,2
Wellbeing Polska,2
Palapa Technologies,2
Sportradar,2
Scenifi,2
Michael Page,2
BliskoPracy,2
Pointpack,2
Robotec.ai,2
Herbalife Nutrition,2
Sunscrapers ,2
Visa,2
GreenMinds Sp. z o.o.,2
Veolia,2
SYSTEGRA,2
ALAB laboratoria,2
POSTDATA,2
Dietly.pl,2
SOFLAB TECHNOLOGY,2
Zeto Software,2
Global4net,2
Bayt sp. z o.o. sp. k.,2
Fast White Cat,2
GET IT TOGETHER Sp. z o.o.,2
GRUPA RABEN,2
Cleeng sp. z o.o.,2
SoftSystem Sp. z o.o.,2
E Net Production Sp. z o.o.,2
Green Cell,2
G2A,2
Altkom Experts,2
Digital Colliers,2
InfiniteDATA,2
Handsoncode Sp. z o.o.,2
VECTRA S.A.,2
Sagenso,2
Kaczmarski Group,2
LegalZoom,2
ReadyCode.io,2
Reef Technologies,2
RPO Partners Sp. z o.o.,2
INFOBIP,2
PRINTU,2
PCMI,2
Sages,2
Kredyt Inkaso,2
QuarticON SA,2
Billon (Program Kariera),2
Amberlo,2
Innovation Software,2
Blazity,2
Atende Industries,2
RHINO,2
Media4U,2
skills matter,2
SAVENTIC HEALTH sp. z o.o.,2
Yanosik,2
SmartWays Recruitment,2
lemon.io,2
Deloitte Poland,2
Nsure.com,2
WB Electronics S.A.,2
Oponeo.pl,2
Product Brew,2
KLDiscovery,2
"DTP, Digital Technology Poland",2
Get IT Dan Sp. z o.o.,2
DELVE,2
Finastra,2
PIN-UP.TECH,2
Token Flow,2
Autodesk,2
Ocado Technology,2
Silevis Software,2
Epicode Sp. z o.o.,2
TP Servglobal Ltd,2
Finbi,2
Brainhub Sp. z. o. o.,2
hireplace.it,2
OSOM STUDIO,2
NordHR,2
Tapptic Poland,2
Perfect Gym Solutions,2
Eiffage Polska Serwis,2
ZEN.COM,2
Centrum e-Zdrowia,2
Espeo Software,2
Webanywhere sp. z o.o.,2
Allianz Polska,2
KRYPTON Polska,2
RedCompass Labs,2
FC.APP,1
CRYSTALCOMP,1
Hays Poland ,1
Odoo,1
Santander Consumer Bank,1
Dimedic Limited,1
180heartbeats / JvM,1
Upvanta sp. z o.o.,1
Comernal Software Sp. z o.o.,1
Posti,1
Tebim,1
Trust IT,1
VirtusLab,1
SIX,1
Softline Sp. z o.o.,1
WeLovePeople,1
Beesafe,1
BMS sp. z o.o.,1
Mood Up Team,1
North.pl,1
BT ELECTRONICS,1
THINK,1
Triso.pl,1
Hitachi Energy,1
Competera,1
Craon.pl,1
DevsData,1
Amer Sports,1
Satisfly,1
tonik,1
Froggly,1
Property Group Sp. z o.o.,1
FrontIT,1
InPost,1
Emplo,1
Uniqa,1
TECTOCOM,1
Fideli Sp. z o. o.,1
iTech Media,1
MAZAJ Poland,1
ElectroMobility Poland,1
BBK S.A.,1
March Networks Poland ,1
Beetroot,1
Marcel S.A.,1
ARRIS,1
HRose,1
Digital Fingerprints,1
New-Invest IT,1
Sunrise System sp. z o.o. sp. k.,1
Dealavo,1
hmmh Poland,1
Altkom Software & Consulting,1
Mobica,1
BEUMER Group Poland,1
Commoditech,1
Relativity,1
OVH,1
Fabrity Sp. z o.o.,1
CARET,1
Qodeca,1
Meant4.com,1
ATOMIS Elektronika,1
Orca,1
Emersoft LTD,1
Miro,1
rynekpierwotny.pl,1
Wavemaker,1
Technicus,1
S.E.R. Solutions Polska Sp. z o.o.,1
Shoper S.A.,1
KION Business Services Polska,1
Currenda,1
Olsys Ltd.,1
Incubly,1
Angry Nerds,1
Aptitude Software,1
Acclaim,1
Quantum,1
Wiley Edge,1
SellIntegro,1
Uber Poland,1
Agrest,1
PLAY (P4 Sp. z o.o.),1
M4 GROUP SP. Z O.O.,1
Silvair,1
gamigo group,1
IMS sensory media,1
Gemini Polska,1
Decathlon,1
4 o'clock Interactive,1
PDA IT Solutions,1
Neo-vinci Sp. z o.o.,1
Foodsi Sp. z o.o.,1
CrustLab,1
iteratec,1
ithouse,1
Alphamoon sp. z o.o.,1
Rocksoft,1
Avon Cosmetics Polska,1
Pragmatic Coders,1
PGE Systemy S.A.,1
Integral Solutions,1
zeroseven design studios,1
AUCTANE Poland,1
E-Instytucja.pl,1
Conectys,1
YozmaTech,1
ShiftKey,1
Vision RT,1
mElements,1
QAD Polska Sp. z o.o.,1
Radio Dla Ciebie,1
LangMedia Sp z o.o.,1
MH Sp. z o.o.,1
FrontiersMarket,1
Connecta Sp. z o.o.,1
ING Bank Śląski,1
dm-drogerie markt sp.z o.o.,1
CloudLinux,1
Soonly Finance,1
Northmill Bank AB,1
Sonel S.A.,1
ARP Ideas,1
Nanores,1
Exact Systems Sp. z o.o.,1
Parfum Company Sp. z o.o. S.K.A,1
Enigma SOI,1
Webactly,1
Pan Express sp. z o.o. sp. k.,1
Human Group,1
Semantive,1
ASC American Sun Components,1
Sitewerk AG,1
BUDIMEX,1
Timebook Software,1
Mobile Labs,1
Profil Software,1
Better Software Group S.A.,1
McCain Poland,1
Webanywhere,1
Able,1
Medidesk,1
Senovo-it,1
Shelf,1
Applause,1
Drata,1
Komex S.A.,1
SAFETEC Sp. z o.o.,1
Ardigen S.A.,1
Tivix Europe Sp. z o.o.,1
Smarttech247,1
Performance Media,1
Sentione,1
Platige Image,1
CONTELIZER,1
Wakacje.pl,1
Centrum Technologii Informatycznej,1
Master Care sp.z o.o.,1
Sunscrapers,1
CoinAPI.io,1
Prowly.com,1
Shapespark,1
Boosta,1
Pretius,1
LINK4 TU S.A.,1
TPG The Project Group,1
Grupa Blix,1
Devstyle,1
Finteum,1
Havi Service Hub Sp. z o.o.,1
Jungle,1
Infor,1
elo.city,1
RMEdison Sp. z o.o.,1
Jit Team,1
Nestle Polska,1
LINKSET sp. z o.o.,1
Housecall Pro,1
AmRest Sp. z o.o.,1
Jolera,1
Informatica Polska Sp. z o.o.,1
GTV Poland,1
cronn Polska,1
Exaco Sp. z o.o.,1
PragmaGO.tech,1
Smartheads,1
kicket.com,1
Asco Systemy Informatyczne,1
Merck Sp. z o.o.,1
Yacht Concept,1
Zynga,1
Bitcoin Technologies,1
Dragons Lake,1
Internetum Polska,1
LyondellBasell,1
Gravet Consulting,1
SPD-Ukraine,1
IT360,1
AWEX,1
Play,1
int2code GmbH,1
Optineo,1
Keen Software House,1
PTEROIS sp. z o.o.,1
Hakersi,1
TFO,1
ComScore,1
Infoprojekt sp. z o. o. enterprise,1
Stonly,1
Unity Group,1
Vasco Electronics,1
Centuria,1
ERLI,1
speedapp,1
Europa Systems,1
Brand Technology,1
Convertis sp. z o.o.,1
LTIMindtree,1
SuperControl,1
Philip Morris,1
Bertek,1
Vienna Insurance Group Polska Sp. z o.o.,1
Inkubit,1
KAZAR Group Sp. z o.o.,1
Masabi,1
Coffee Mug,1
Sdncenter,1
Giga Techspace,1
Play (P4 sp. z  o.o.),1
AppTailors,1
Fool's Theory,1
Meritus Systemy Informatyczne,1
Solteq Poland,1
deepsense.ai (Program Kariera),1
Soldevelo,1
SOFTIQ,1
SZOLC Sport Academy & Store,1
Paymento Financial S.A.,1
Ework Group,1
NTT DATA Business Solutionsp,1
Dolby Poland Sp. z o.o.,1
Sygnity,1
Lottomerkury Sp. z o.o.,1
blue veery,1
Ivision.pl,1
MAR-TOM,1
ClearLync,1
Finitec Sp. Z o.o.,1
C&F,1
Star Beta Poland,1
Asseco Business Solutions,1
Emerge Soft,1
Omega Code,1
MANGOPAY,1
Proptly,1
EXSO,1
Primesoft Polska,1
Lunching.pl,1
Selleo,1
Prognetics,1
Frends,1
Soneta Sp. z o.o.,1
ASDG,1
RD Projekt,1
SANDS Partners,1
Akademia Górniczo-Hutnicza w Krakowie,1
.mdd,1
Nova Tracking,1
ViewOne,1
HP,1
PRO MAGIS SP Z O O,1
AGORA S.A.,1
Wykop Sp. z o.o.,1
KALASOFT,1
WEBWIZARDS,1
CompanyHouse,1
ELTEL Networks Poland,1
GE HealthCare,1
WebCrafters,1
Verbum,1
Precisely,1
DB Schenker Technology Center,1
Comp S.A.,1
Harbingers,1
All Good S.A.,1
Codemask,1
S&K Solutions GmbH & co.KG,1
Codiway,1
Talentuno,1
Gamesture Sp. z o.o.,1
CRIDO,1
DPDgroup IT Solutions,1
Occubee,1
Gardocki Kancelaria,1
Fizz Sp. z o.o.,1
B3 Consulting Poland,1
Zyte,1
Xebia,1
Wave,1
Vue Storefront,1
4 PL Eastern Europe sp. z o.o.,1
optAd360,1
Cortlex,1
Surprise.com,1
Vistex Poland-CEE,1
NetworkedAssets,1
Schenker Technology Center Sp. z o.o.,1
Formel D,1
Savangard Sp. z o.o.,1
Rumble Fish Software Development,1
JohnnyBros,1
SHIFTR,1
Get Noticed Agency,1
Xceedance Consulting Polska Sp. z o.o.,1
Paymentology,1
Credit Suisse,1
TRASYS International,1
Danish Crown Operations,1
Diehl Metering,1
Codee,1
Reply_multi,1
GAMIVO S.A.,1
thyssenkrupp Group Services Gdańsk,1
TME Sp. z o.o.,1
Heidelberg Polska Sp. z o.o.,1
Aurora Creation,1
Oakfusion,1
Helpfind,1
Panda Group,1
Room 8 Group,1
HRnest Sp. z o.o.,1
Guestline,1
Satim,1
Centrum Medyczne CMP,1
Ramp,1
Vector Software,1
CBRE Business Services Organisation,1
Codahead,1
Axiom health,1
Kaliop Poland,1
Gemini Polska Sp. z o. o.,1
GroupIT,1
PSI Polska Sp. z o.o.,1
SALTUS Ubezpieczenia,1
Bluerank,1
Transition Technologies PSC,1
HERE Technologies,1
AnywhereWorks,1
FRU.PL,1
Vectra,1
FRIDAY Technology,1
Hello World! Sp. z o.o.,1
VM.PL Software House,1
Retailic,1
WIN LOCAL EUROPE,1
Focus Telecom Polska,1
Glimpse Analytics,1
INVO Technologies,1
Avra Software,1
Schenker Technology Center sp. z o.o.,1
PharmaPartner (Program Kariera),1
InfraByte,1
3Soft S.A.,1
Let's automate,1
Reffine,1
Stowarzyszenie Filmowców Polskich,1
Visartech Inc.,1
Squiz,1
Sideways 6,1
Yotta by Publicis Groupe,1
Vinted,1
WITU,1
Apptimia,1
L2Beat,1
Amaka,1
AP-Tech,1
MAKRO Cash & Carry Polska,1
OKTAN ENERGY & V/L SERVICE sp. z o.o.,1
Benefia Ubezpieczenia Sp. z o.o.,1
NorthGravity,1
Credit Agricole Bank Polska S.A.,1
Bee Talents,1
Rainbow Tours S.A.,1
Tedee,1
Mpower Plus,1
dogadamycie.pl,1
Roon Labs,1
Nord Security,1
Vic.ai,1
CCC,1
Happy Team,1
fast thinking,1
Macrobond Financial,1
Verisk Analytics,1
PRP Poland,1
Volkswagen Poznań,1
Euvic S.A.,1
Lumen,1
NoA Ignite (formerly Making Waves),1
iTechArt Group,1
RTCLab Sp. z o.o.,1
CRIF,1
MUSCODE Sp. z o. o.,1
Answear.com S.A.,1
Solwit SA,1
Lekta AI,1
Glorium Technologies,1
Mosaico,1
WEBCON Sp. z o.o.,1
RESPECT ENERGY (Program Kariera),1
ResoluteAI,1
Ntropy Network,1
Syberry,1
Measure Studio,1
Chainlink Labs,1
FedEx Dataworks,1
Orteh Sp. z o.o.,1
Crowe,1
Oferteo,1
BTC Software Systems Sp. z o.o.,1
Value Media,1
Smultron sp. z o.o.,1
Cyfrowa Foto Sp. zo.o.,1
Lionbridge,1
Infakt,1
ZetaTrading,1
Broadridge Financial Solutions Ltd,1
Software Mansion,1
OCCTOO,1
Norbsoft,1
HTD,1
Aspire Global,1
Optifly,1
Tamago,1
Addepto,1
Aerobits Sp. z o.o.,1
Wizz Air,1
Nomtek,1
HR GO Recruitment Poland,1
ITEGER Sp. z o. o.,1
WizzDev,1
Vosbor,1
AppUnite,1
Revolut,1
GoWork.pl,1
Maxio,1
Monzo,1
Caltha,1
MAXTO,1
Bahlsen Polska,1
Program Kariera: staż w deepsense.ai,1
Lingventa sp. z o.o.,1
Raiffeisen Bank International,1
Cut2Code,1
"Halo Radius, Inc.",1
Boeing Netherlands B.V.,1
Crafton,1
CYFROWY POLSAT S.A.,1
Canary Systems Inc,1
CStore SA,1
