title,count
DevOps Engineer,140
Java Developer,116
Data Engineer,93
Senior Java Developer,92
IT Project Manager,76
Senior Software Engineer,72
Scrum Master,65
Programista PHP,56
.NET Developer,52
PHP Developer,51
Cloud Engineer,46
Full Stack Developer,43
React Developer,43
Senior DevOps Engineer,42
Frontend Developer (Angular),41
Python Developer,36
Programista Java,35
Node.js Developer,34
Tech Lead,34
Android Developer,34
UX/UI Designer,32
Programista C++,31
Senior Frontend Developer,31
Project Manager,31
iOS Developer,31
Product Manager,30
Frontend Developer,29
Devops Engineer,29
Senior .Net Developer,29
QA Engineer,29
Database Administrator,28
Senior Software Engineer (Java),27
Senior React Native Developer,25
Programista .NET,25
Senior .NET Developer,25
Product Owner,24
Senior iOS Developer,24
React Native Developer,24
Solution Architect,24
ETL Developer,24
Fullstack Developer (.NET + JavaScript),24
Cloud Developer,23
Engineering Manager,23
QA Automation Engineer,23
.Net Developer,23
Junior DevOps Engineer,23
Tester automatyzujƒÖcy,23
Fullstack JavaScript Developer,22
Senior Backend Developer (Node.js),22
Fullstack .NET Developer,22
Analityk Systemowy,22
Lead .NET Developer,22
Senior Android Software Engineer,21
JAVA DEVELOPER,21
Full stack Developer,21
Backend .NET Developer (remote),21
Senior IT Network Administrator,21
Senior QA,21
Lead Frontend Developer,21
Remote Senior JavaScript Developer,21
Back-end Developer,20
Cybersecurity Senior Python Developer,20
Head of Delivery,20
Product Designer,20
Lead .Net Developer,20
C# Developer,20
Remote Senior Java Developer,20
Embedded Developer,20
Mid Application Security Analyst,20
Senior TechnicalCurriculum Developer/Trainer,20
Senior Python Developer,20
Senior Database Administrator,20
Remote PHP Tech Lead Developer,20
Senior Software Engineer (Fullstack),20
SERVICE DELIVERY SUPPORTER,20
Junior/Mid Feature Test Engineer,20
Business Analyst,20
Senior DevOps,20
Analityk IT,19
Principal Architect,19
FRONTEND Developer (ANGULAR),19
Angular Developer,19
Senior Data Engineer,19
Unity Client Developer,19
MS Azure Site Reliability Engineer,19
Specjalista ds. serwisu,19
Frontend Developer (Angular 13+),19
Python Developer with Django,19
Senior Java/Python Developer,19
Mid Java developer (Java/Struts),19
React/NextJS Web Developer,19
"Sr Software Engineer .NET, React, Node",19
C++ Developer,19
2d Artist,19
Lead UI/UX Designer,19
Programista JavaScript,19
Business Intelligence Analyst - AML,19
Software Test Engineer,19
Microsoft Power Platform SRE,19
Junior Mobile Application Developer,19
Product Owner for App Team,19
(Senior) Data Engineer,19
Test Development Engineer,19
Senior Mobile Application Developer,19
CloudOps/DevOps Architect,19
Embedded Software Developer (AUTOSAR),19
C++ Software Engineer - Video&Graphics ,19
AWS Architect/Product Owner,19
Active Directory Administrator,19
Application Security Engineer,19
Senior Cloud Site Reliability Engineer,19
Remote Mid Kotlin Backend Developer,19
Senior Backend (Java) Developer,19
Senior C++ Engineer,19
Software Developer - Test&Automation,19
Cloud Engineer m|f|d,19
Senior Java Developer AWS,18
Software Architect,18
Data Scientist / Analyst,18
Data Architect,18
AWS Data Engineer,18
Lead QA Engineer,18
Tech Lead Java + AWS,18
Senior Dotnet Developer,18
M≈Çodszy Analityk Biznesowy IT,18
Technical Software Lead,18
Analityk proces√≥w biznesowych,18
Mid .NET Fullstack Developer,18
Remote Mid/Senior IT Administrator,18
Analityk Biznesowy,18
Front-end Developer,17
Programista Baz Danych,17
Senior Software Engineer (Multicloud),17
Analityk systemowy aplikacji mobilnych,17
SAP BO Data Service Migration Expert,17
Senior Software Engineer (APIs),17
Lead / Senior - Delivery Team member,16
Senior PHP Developer,16
UX Designer,16
Tech Lead (React / Java),16
Ruby Engineer,15
Senior/Ekspert IT Analyst,15
Architekt IT,15
IT DEVELOPMENT PROGRAM,14
IT SUMMER INTERNSHIP IN WARSAW,14
Data Analyst,14
Senior Full Stack Developer,14
Senior Product Manager,14
Senior Scrum Master,14
Senior QA Engineer,14
Java Developer with German,14
Senior Cloud Engineer,13
Senior Product Designer,13
Front-End Developer,13
Senior Data Analyst,13
Mid Java Developer,13
Angular.js Developer,13
Senior Mobile Developer,13
Full Stack Engineer,13
Microsoft 365 Support Engineer / M365 Consultant,13
Cloud Architect,13
Administrator System√≥w IT,13
Service Desk Analyst with Hungarian,12
Snowflake Architect,12
WordPress Developer,12
Automation QA Engineer (JS/C#),12
Senior UX Designer,12
Power Platform Support Specialist,12
Software Data Engineer (Python/Java),12
Analityk Biznesowo-Systemowy,12
Senior Front End Developer,12
Principal Software Engineer,12
EndUserComputing/ModernDesktop ITManager,12
Senior Python Engineer,12
Senior Frontend Developer/Frontend Lead,12
Android Kotlin Developer,11
QA Lead,11
Staff ML Engineer,11
Python Developer (AWS),11
Data Engineer (Cloud Engineer),11
Test Analyst / Test Manager,11
Mid/Senior Cloud Native Software Dev,11
Administrator sieci i IT/ DevOps,11
Developer Aplikacji,11
AWS Cloud Architect,11
Senior Ruby Developer,11
Developer EDI,11
DevOps with ML,11
Cloud Platform Engineer,11
Test Lead (with MES),11
Integration & Data Engineer,11
Grafik komputerowy / UI Designer,11
Mid .NET Developer,11
Node.js Fullstack Developer,11
Middle Backend Developer (Node.js),11
Mid/Senior Integration Engineer,11
Cyber Security Specialist,11
Administrator System√≥w,11
SAP COMMERCE Developer,11
Senior Node.js Engineer,11
Team Lead (node.js + React),11
Senior Data Engineer (Python/Azure),11
Developer Dynamics 365F&O/AX2012,11
Senior Go Developer (Tech Lead),11
Angular Frontend Developer,11
Senior Fullstack Engineer,11
Mid / Senior Angular Developer,11
Ruby on Rails Developer (junior+),11
P&G Future Female Leaders,11
Junior Software Engineer,11
Information Security Officer,11
Mid/Senior Angular Developer,11
DevOps Engineer (AWS/pharma),11
React Developer (MID),11
Senior Backend Developer with Node.js,11
Fullstack Dev (pharma; Java + Angular2+),11
OpenShift Specialist,11
Senior C++ Developer,11
Programista Integracji,11
Remote Sustainability and ESG Analyst,11
PHP Engineer,10
DevOps/Infrastructure Engineer,10
Korepetytorzy z zakresu Roblox/Scratch,10
CRM Consultant,10
DevOps Engineer (Kubernetes),10
BI Consultant,10
Programista(-ka) SQL (ETL/IPC),10
.NET Automation Test Engineer,10
Mid¬†Vue.js Developer,10
Senior Ceph Engineer,10
Senior Business Analyst,10
Technical Support Engineer L2,10
Network Engineer,10
Lead Mobile Developer,10
Architekt system√≥w informatycznych,10
Back End Developer,10
Senior Product Owner,10
Senior Back-End JavaScript Developer (m/f/d),10
Administrator aplikacji i baz danych,10
Head of IT,10
In≈ºynier Azure DevOps,10
Developer Microsoft Dynamics 365 CRM,10
Junior/Backend Developer .NET,10
"Full-stack Dev (Angular, Node.js, 3D)",10
Analyst (Finance Development Team),10
MS Dynamics CRM Developer,10
Senior Software Engineer (Python),10
Fullstack Engineer,10
Python Developer (Senior),10
R&D Tech Lead (PHP),10
iOS developer (Swift),10
RPA Specialist,10
Front-end Designer/Developer,10
Data Engineer / Software Engineer,10
Senior MySQL Database Administration,10
R&D Tech Lead (Node and Vue),10
SPECJALISTA DS. POWER BI,10
Mid MySQL Database Administration,10
Analytics Engineer,10
WordPress Developer (learn Shopify),10
QA Tech Lead,10
Node.js Developer with C#,10
PYTHON DEVELOPER MID/SENIOR,10
Payroll Consultant (SMART Accounting),10
Senior Lead Full Stack Developer,10
Senior Software Developer LabVIEW,10
Tech Lead with React,10
HRIS Implementation Consultant,10
.Net Fullstack Developer,10
Senior Node JS Developer,10
Mid/Senior Laravel Developer,10
.NET Fullstack Developer (Mid/Senior),10
Remote Java Developer (Java/Angular),10
Software Engineer [RoR + React],10
Quality Analyst,10
Lead Functional Consultant,10
Specjalista ds.System√≥w IT/Administrator,10
Administrator Dynamics AX/D365 FO,10
Lead Java Developer/Architect,10
WordPress / PHP Developer,10
Senior Web Scraper,10
Gameplay Programmer,10
Analityk,10
(Junior) Implementation Consultant,10
IT System Analyst,10
.Net Developer for Mobile,10
Head of Product,10
Solution Engineer,10
Back End Developer DevOps,10
Remote Full-Stack WordPress Developer,10
Webmaster/ Specjalista ds. Serwis√≥w Internetowych,10
ServiceNow Agility Master,10
PHP Developer PrestaShop,10
Junior iOS Developer,10
Administrator kopii bezpiecze≈Ñstwa,10
DevOps Engineer in Financial Crime Unit,10
Big Data Architect,10
Apps Managed Services  Practice Leader,10
Java Developer - Application Integration,10
Mid SysOps Engineer,10
Konsultant CRM D365 i Power Platform,10
Django Developer,10
Junior Application Specialist,10
BPM Manager / Senior Consultant,10
Mid Backend Developer,10
Java Backend Senior,10
Test Tools Developer ‚Äì C#,10
.NET Engineer,10
"DesignOps/Lider, Liderka UX",10
DATA System Engineer,10
Software tester,10
Siebel Developer,10
Mid Software Developer in Test,10
M≈Çodszy Analityk Proces√≥w Wsparcia,10
Java/Python Developer,10
Software Tester (Salesforce),10
Senior JAVA Developer,10
Identity&Access Management Administrator,10
AWS DevOps Engineer,10
SAP Authorisation and Basis Specialist,9
Power Platform Developer,9
DevOps/Linux System Engineer,9
Specjalistka / Specjalista ds. Analiz,9
Cloud Solution Architect,9
QA Team Leader,9
Frontend Engineer,9
Fullstack Developer,9
Business Application Administrator,9
IT Architect,9
Google Cloud Sec Ops Engineer (GCP),9
Security Specialist,9
Kierownik Dzia≈Çu IT / Head of IT,9
Senior Site Reliability Engineer,8
Technology Team Lead,8
Analityk biznesowy,8
Tester AutomatyzujƒÖcy,8
Mid Fullstack Developer,8
Game Developer,8
Mid PHP (Symfony) Developer,8
Mid/Senior Java Developer,8
Senior Front-end Developer,8
Senior QA Automation Engineer,8
Senior React Developer,8
Analityk Business Intelligence,8
Technical Product Manager,8
Senior Java Game Developer,8
Analityk systemowo-biznesowy,8
Magento Developer,8
Administrator IT,8
Software Engineer,8
Frontend Game Developer,8
Architect Salesforce,8
Senior React Engineer,7
Algorithmic Trader/ Developer,7
Senior IT Project Manager - Frontline IT,7
Project Manager (REMOTE),7
Senior Flutter Developer,7
Starszy Konsultant- IT Audit & Assurance,7
SharePoint Developer,7
Manual Tester,7
Technical Project Manager,7
FullStack Developer (node.js),7
Delivery Manager,7
Python Programmer/ Developer,7
Tester,7
MDM Senior Consultant,7
Ruby on Rails Developer,7
System Administrator,7
Data Devops Engineer,7
Consultant Salesforce - Business Analyst,7
(Sr) Engineering Manager - Desktop App,7
Senior QA Engineer (Automation),7
Senior Fullstack Developer (REMOTE),7
Senior Software Engineer (Golang),7
Salesforce Developer,7
MS SQL Database Admin,7
Sp. ds. system√≥w kluczowych IT - Webcon,6
Product Delivery Manager,6
PHP Symfony Developer,6
Power Platform Governance Specialist,6
QA Automation Tester,6
Senior JavaScript Engineer (Node/React),6
Software Security Engineer (remote),6
Senior .NET Developer (100% remote),6
Senior Software Engineer - Flex Team,6
Senior Frontend Engineer,6
Programista Javascript (Fullstack),6
Fullstack Developer (Java/React),6
Starszy Programista Full-stack,6
Junior Data Engineer,6
Mobile Developer (Android/iOS),6
BI Developer,6
Analityk biznesowo‚Äìsystemowy,6
Programista Webowy,6
Full-stack Engineer with Node.js,6
Automation Test Engineer,6
Tech Lead Cloud Based Solutions,6
Sr Software Engineer - Google Sheets,6
Junior IT Specialist,6
Azure Architect,6
Assistant Manager/Manager IT Audit,6
Configuration Manager Engineer,6
Specjalista ds. IT,6
Cloud Network Engineer in Security,6
FullStack .Net Developer,6
Service Delivery Manager,6
Site Reliability Engineer,6
SAP ABAP Developer,6
Automation Tester (Python),6
Developer Relations Manager,6
Senior Back End Engineer,6
Software Developer,6
Programista/tka Microsoft Dynamics AX,6
Specjalista ds. wsparcia IT,6
Junior PHP Developer,6
Engineering API Lead,5
Specjalista ds. Microsoft PowerApps,5
C/C++ developer,5
Spec. ds. Auto. i Robotyzacji Proces√≥w,5
In≈ºynier ds. automatyki i system√≥w BMS,5
Software Architect (m/f/x) - Munich reloc.,5
Salesforce Technical Support Specialist,5
Test Engineer,5
Senior Java Engineer,5
Cash Management Functional Analyst,5
Solution Development Executive,5
Administrator systemu ERP,5
Starszy Programista Oracle,5
Data Scientist,5
Senior Full Stack Engineer,5
"Lead Fullstack Developer (Java, Angular)",5
Senior Android Engineer,5
PHP Developer (REMOTE),5
IT Specialist,5
Technical Support Engineer,5
Business Intelligence Analyst,5
AUTOMATION DEVELOPER,5
Specjalista ds. bezpiecze≈Ñstwa IT,5
Specjalista ds. raport√≥w i system√≥w IT,5
Specjalista ds. automatyzacji,5
Apps Portfolio Lead,5
DevOps Practice Lead,5
Azure Data Factory Developer,5
Business Development Manager,5
Cybersec Solution Development Executive,5
Java Backend Developer,5
Programista PHP/DevOps,5
Specjalista ERP,5
Technical Writer,5
Senior Data Engineer (Flink),5
M≈Çodszy spec ds. wsparcia IT,5
Sr DevOps Engineer with Virtualization,5
Senior Machine Learning Engineer,5
Xamarin Developer,5
Administrator Infrastruktury Sieciowej,5
Junior Frontend Developer,5
Senior IT Specialist,5
TECHNICAL LEADER/SENIOR FULLSTACK ENGINEER,5
Programista SQL,5
Administrator  IT,5
Data Engineer (REMOTE),5
"Administrator Systemu Linux (AWS, GCP)",5
Programista T-SQL,5
Junior Full Stack PHP developer,5
Senior Linux Engineer,5
Embedded Team Lead with C++,5
Senior Embedded Software Developer,5
Senior Golang Developer,5
Full Stack PHP developer,5
Mid PHP Developer,5
Backend Developer (Java),5
Senior Software Engineer Python,5
IT Business Analyst,5
Regular JavaScript Developer,5
Service Reliability Engineer,5
Senior Devops Engineer,5
In≈ºynier Systemu,4
Expert IT Architect,4
Senior Cyber Security Engineer,4
Back-end developer C#/ SQL,4
Java Engineer,4
SDAN R&D Engineer,4
GCP Trainer,4
GCP Architect,4
Junior Front-end Developer,4
FULL STACK SOFTWARE ENGINEER (ECOMMERCE),4
Associate / Senior Architect,4
Senior/Expert Java Engineer,4
‚ú® PHP Developer ‚ú®,4
 Analityk Wdro≈ºeniowy,4
Trener IT | Front-end | Fully remote,4
Senior Software Engineer (.NET),4
Cybersecurity Specialist,4
Architekt Systemu,4
Azure BI Engineer,4
4D Developer,4
Senior Scala Developer,4
E2E - Connected Services Architect,4
Delivery Engineer,4
Software Engineer Python / C++,4
UI/UX Designer (100% remote),4
Software Engineer (Java/Kotlin),4
Salesforce Business Analyst,4
Senior Software Developer,4
IT Contract Manager,4
Architekt DWH / BI,4
Functional Safety Engineer,4
Solution Architect (Java),4
Staff Cloud Security Engineer,4
Frontend React Dev - Junior / Mid,4
Cybersecurity Software Engineer,4
Senior Delphi Developer,4
ETL / Data Engineer - Remote,4
Software Engineering Technical Lead,4
Mid Front-end Developer - Vue3,4
Remote Senior C#/SQL Developer,4
Product Security Engineer,4
Cloud Security Engineer,4
Data Analyst Team Leader,4
Data Analytics Engineer,4
Data Scientist with NLP,4
Android Mobile Developer,4
(Senior) DevOps Engineer,4
Senior Front End Engineer,4
Mid/Senior .NET Developer,4
Java Team Lead,4
Programista Fullstack - Java/Angular,4
Java Developer (remote),4
Software Embedded Linux/C++ Developer,4
M≈Çodszy/a Specjalista/tka RozwiƒÖza≈Ñ IT,4
Mid/Sr Big Data Engineer (Spark & Scala),4
Lead Laravel Developer,4
Middle Android Engineer,4
Starszy Architekt IT,4
DevOps Manager,4
Technical Support Specialist,4
"Sta≈º w IT! (Java, Angular, Mobile, ABAP)",4
Data Engineer (Scala or Python),4
Senior Java Developer - eCommerce area,4
GCP Engineer,4
Salesforce Administrator,4
Senior Network Engineer with Blue Coat,4
Fullstack Java Developer with React,4
Python/Bash Software Developer for Linux,4
Senior SAP SD Consultant,4
Backend Developer,4
Analityk Biznesowy IT,4
Analityk BI/Administrator Danych,4
Technical Consultant,4
Software Tester,4
Fullstack Developer (Java+Angular/React),4
Product Owner - Rynek Gazu,4
Warehouse System Support IT Specialist,4
React JS Developer,4
Agile Coach,4
SAP Basis (Customer Engagement),4
Mid C++ Developer,4
Integrator Java,4
Software Engineer (.NET) - Allegro Pay,4
Remote Business / System Analyst,4
Programista Python,4
Cloud Engineering Lead,4
Mainframe Administrator,4
It Technical Support with German | Linux,4
Test Automation Specialist,4
.NET Developer / C#,4
Senior Java Software Engineer,4
Senior Java Developer with German,4
Fullstack Developer (Java/Angular),4
Salesforce Business Consultant,4
Administrator Baz Danych,4
System Engineer,4
"Dev\Software architect - .NET, C#, MSSQL",4
Software Developer (WebMethods),4
Security Engineer Defender for Endpoint,4
JavaScript Developer,4
Analityk Integracji,4
Senior Angular Developer,4
Backend Engineer- BugSnag (Java/Golang),4
Junior Backend Developer,4
Java Back-end Developer,4
Senior .NET developer,4
Data Scientist - CVM&Analytics Dep.,4
Senior AUTOSAR Engineer,4
Mid or Senior .NET Developer,4
DevOps Engineer (AWS),4
Senior Full-Stack Software Engineer,4
C/Python Developer,4
Senior Big Data Engineer - Data & AI,4
Full Stack Engineer (Java & React),4
SAP FI Consultant,4
Senior UX Researcher,4
Frontend (React) Developer,4
Analityk/Analityczka Danych,4
Senior Front End SDE (React.js),4
Senior FullStack Engineer (Java & React),4
Mid Frontend Angular Developer,4
Administrator/In≈ºynier DevOps (MS Azure),4
Senior Java/Kotlin Engineer,4
Backend .NET Engineer,4
BI Analyst,4
Frontend Developer (Remote),4
SAP Fullstack ABAP UI5 Developer,4
St. Specjalista ds. Wsparcia Aplikacji,4
Administrator aplikacji Linux,4
Docker Developer,4
WebMethods Developer,4
Engineering Team Lead (Offer&Hire Team),4
Senior Security Analyst (SOC),4
AUTOSAR Software Developer,4
Specjalista - Event Stream Processing,4
Programista Delphi,4
.NET Developer (Mid/Senior),4
Junior Systems Administrator,4
Head of IT (Infrastructure & Services),4
BI Report Developer,4
C#/.NET Developer,4
Flutter Developer,4
Mid Analytics Engineer (remote),4
Salesforce Tester,4
Transportation System Support IT Spec.,4
Python Software Engineer,4
KIEROWNIK DZIA≈ÅU IT,4
Blockchain Developer,4
Analityk biznesowo-systemowy,4
Administrator ds. Cyberbezpiecze≈Ñstwa,4
Cybersecurity Consultant & Team Lead,4
React.js Developer,4
Enterprise Data Architect,4
Staff Software Engineer - Python,4
Cloud SRE Engineer,4
Senior Engineering Manager - Teleport,4
Senior Android Developer,4
Senior Programista .Net,4
Azure Data Architect,4
IT Business/ System Analyst,4
Remote SAP Customer Manager German,4
Middle PHP Engineer,4
Senior Software Engineer React,4
Senior Identity Consultant - AAD,4
Programista .NET / C#,4
BI Developer (OBIEE),4
Specjalista ds. uczenia maszynowego,4
Cloud DevOps Engineer (wage in ‚Ç¨ option),4
Back-End Developer,4
SAFe Scrum Master,4
AAD IAM Specialist (Azure Specialist),4
Remote Mid SAP Customer Manager - Remote,4
Junior WEBCON Consultant,4
Machine Learning Engineer,4
Senior BI Consultant,4
Security Officer,4
WordPress / Frontend Developer,4
Web Developer Laravel,3
Senior BI Developer EMEA/US,3
Frontend Developer (Mid+),3
Software Engineer in Test,3
Engineering Manager - Financial Crimes,3
Salesforce Developer/Administrator,3
Research Manager,3
"Technical Lead, Mobile (Debit+)",3
FullStack Developer (Python + Angular),3
Freelance Data Engineer,3
Senior Backend PHP Developer,3
Lead Java Developer,3
ServiceNow Developer,3
"Developer PHP Symfony (Mid, Regular)",3
Principal Engineer,3
Senior Node.js Developer,3
React Native Developer (Mobile App),3
Software Engineer C++,3
Senior Robotics Engineer (Space),3
PHP PrestaShop Developer,3
Lead Analytics Engineer,3
Application Administrator,3
IAM Security Consultant,3
Senior Data Scientist,3
.NET Senior Software Engineer,3
React Dev + Computer Vision | PL startup,3
Programista/-ka .NET/C#,3
Programista Fullstack,3
"Technical Lead, Backend (Debit+)",3
Senior Backend Engineer Financial Crimes,3
PMO Specialist,3
IT Administrator - End User Support,3
Data Strategy Consultant all levels,3
Lead Java Developer (Multithreaded),3
Backend Developer (C++),3
Jira Software Engineer,3
Java Developer - ONe,3
Data Engineering Team Leader,3
Full-Stack Developer (JAVA + Angular),3
Senior Project Manager (Banking/Crypto),3
Technology Strategy Consultant ‚Äì Enterprise Architecture all levels,3
Frontend React Developer (BioPharma),3
Analityk Systemowo-Biznesowy,3
SAP Basis Administrator S 4/HANA,3
System Administrator AWS,3
Application Support Engineer,3
High Tech Semiconductor Senior Manager all levels,3
Senior Full-Stack Engineer,3
Cloud Strategy Consultant / Manager all levels,3
Telco & Media Industry Data Analytics Delivery Lead all levels,3
Technology Strategy Consultant‚ÄìIT Value all levels,3
Cloud Compliance Consultant,3
AML Technology Implementation Analyst / Consultant,3
Technology Strategy Consultant-  M&A all levels,3
Senior Frontend Vue.js Developer,3
HT Functional Consultant with ERP Industry Solutions all levels,3
Advanced Analytics Consultant,3
Data Visualization Consultant all levels,3
Cloud Advisory Consultant all levels,3
Cloud Access Technology Consultant all levels,3
Data Transformation Consultant,3
Sitecore Developer,3
IT Automation Engineer,3
Java Team Leader,3
Senior Software Engineer Java/Kotlin,3
Administrator system√≥w Linux i sieci,3
Fullstack Software Engineer,3
.NET Fullstack Developer (Angular),3
"Software Engineer, Quality Assurance",3
Senior WEBCON Consultant,3
Middle/Senior Hybris Engineer,3
Architekt bezpiecze≈Ñstwa IT Pilzno,3
Dynamics 365 CE Developer,3
Lead Back-End Engineer,3
Junior .NET Developer,3
Software Engineer (Java),3
Regular Frontend Developer,3
Administrator infrastruktury IT,3
Specjalista ds. Wdro≈ºe≈Ñ System√≥w Informatycznych,3
Team Manager,3
Tech Lead - Angular & TypeScript,3
Control Officer,3
SysOps Engineer,3
Embedded Software Engineer,3
Computer Vision Dev + React | PL startup,3
Web Master,3
Junior WEBCON Support,3
"Sr Software Engineer, Backend (Debit+)",3
Customer Success Manager,3
DevOps Engineer (Mid/Senior),3
PHP Software Engineer,3
Regular Fullstack Developer (Java + Angular),3
Technical Implementation Specialist,3
IT Project Manager for pre-sales offerings,3
Infrastructure Architect,3
Team Leader / Senior C# developer,3
React Native Expert,3
Mid/Senior Backend Developer (Node.js),3
Linux System Administrator,3
Embedded frontend developer,3
In≈ºynier ds. bezpiecze≈Ñstwa IT (Splunk),3
IT Support Specialist,3
Junior IT Project Manager,3
Mobile Developer,3
Data Engineer (Data Scientist),3
Software Engineer (Rust),3
Senior Software Engineer (Rust),3
Senior AdOps Technical Specialist,3
Cloud Engineer (Azure),3
Programista Enova365,3
PMO Team Manager (Agile),3
Lead Java Engineer,3
Junior Fullstack Java Developer,3
Lead Backend Developer (Node.js),3
PHP Senior Software Engineer,3
Senior UX/UI Designer,3
Big Data Engineer,3
SIEM Security Engineer,3
PHP Developer - Team Lead,3
ETM Security Engineer with English,3
Automation Software Tester (Java),3
Senior .NET Developer with Angular,3
"Software Engineer, Trading - Algorithms",3
Konsultant SAP Integracja,3
Frontend Web Developer w/ Flutter,3
System Integration Engineer,3
Kierownik Zespo≈Çu Analizy Systemowej,3
Mid Back-End Engineer,3
Data Operations & Governance Specialist,3
Web Analyst,3
Cloud Specialist (Azure),3
2nd Line Support Specialist,3
Oracle Cloud Junior Business Consultant,3
üëâProject Manager/Delivery Manager,3
IT Analyst (German),3
NETWORK & FIREWALL ADMINISTRATOR,3
QA,3
DevOps with AWS,3
Senior Backend/Data Engineer,3
Remote Cloud Administrator ,3
Windows Engineer 365,3
Salesforce Developer all levels,3
Middle Test Automation Engineer (Python),3
Data Engineer with Hadoop,3
Senior Integration Developer,3
Cloud Architect | Cloud&Engineering,3
Azure DevOps Engineer| Cloud&Engineering,3
Cheminformatyk,3
Software Consulting Engineer,3
IT Analyst,3
Database Developer,3
Machine Learning Analyst,3
Full-Stack Web Developer: Symfony+Vue.js,3
Programista (intern),3
Python Developer z ChemiƒÖ / BiologiƒÖ,3
Middle DevOps Engineer,3
Java Software Engineer,3
Cloud Data Engineer,3
Senior Cloud Operations Engineer,3
Automotive Engineer -  CI/CD,3
Team Lead / Senior Software Engineer,3
Python Fullstack Engineer (with React),3
Junior Java Developer,3
Mobile Software Engineer (iOS),3
Mid/Senior PHP Developer (remote),3
"Senior Product Manager, Trust & Safety",3
Kotlin Backend Developer,3
Android Developer (Regular),3
Domain Architect,3
Regular Network Automation Developer,3
Quality Assurance Engineer,3
"Senior iOS Engineer, App Experience",3
Data Engineer (BI),3
Senior Documentum Consultant,3
Senior Back-End Engineer,3
Azure DevOps Engineer,3
In≈ºynier Dynatrace,3
Computer Vision Engineer (Senior),3
"Senior Product Manager, Collections",3
Analityk biznesowy/Analityczka biznesowa,3
Android Developer (Senior),3
Proven Fullstack Craftsman,3
Programista/tka Frontend,3
Junior WordPress Developer,3
Senior Java QA Engineer,3
Senior Automation Tester with Java,3
Senior System Engineer/DevOps,3
Senior MS Dynamics Developer / Tech Lead,3
CPO/Head of Product,3
Senior Java Full Stack Developer,3
"Senior Product Manager, Merchant Pricing",3
System Administrator - Linux,3
Mid/Senior .Net Developer,3
Remote Mid QA Engineer with Node.js,3
Software development - SHAREPOINT,3
Vue.js Front-end Developer,3
Remote Cloud Architect Advisory - German,3
Senior Software Engineer C++,3
React | Frontend Developer,3
Java Fullstack Developer (React/Angular),3
Frontend Angular Developer (100% Zdalnie),3
Back-End Java Developer,3
Node.js Developer with React,3
Technical Engineer - Wintel (SME),3
SHAREPOINT Developer,3
Technical IT Project Manager,3
Software Engineering Manager,3
Senior Java Developer (Automotive),3
Support Specialist with SQL,3
RPA developer C#,3
Data Engineer with Python,3
Digital Solution Developer,3
Graphic/UI Designer,3
Senior Python Engineer (Bioinformatics),3
Senior Backend Engineer,3
PHP Backend Developer,3
Azure Cloud Consultant,3
Power BI Developer,3
Senior Data Engineer (Kafka),3
Backend Software Engineer,3
Fachura od PHP'a,3
Programista HD,3
PostgreSQL/MySQL on-prem and Cloud DBA,3
Autosar SW Developer (Poland),3
System & Application Security Specialist,3
"Business Analyst | ma≈Çy team, e-learning",3
Junior Azure Support Consultant,3
Mobile Flutter Developer,3
Technical Team Leader,3
MSSQL Administrator,3
Load Balancer Expert,3
Fullstack JavaScript Engineer with React,3
Application Architect,3
QA Analyst,3
Systems Engineer (Monitoring),3
Specjalista IT,3
SPECJALISTA DS. BUSINESS INTELLIGENCE,3
Fullstack Developer (Java + React),3
Game Designer ze znajomo≈õciƒÖ Unity,3
AWS Cloud Engineer,3
C++ Software Engineer,3
Automation Ansible Engineer,3
üëâUI Designer,3
Customer Support Specialist,3
Backend AWS Engineer,3
Full Stack Developer (React + Python),3
Lider zespo≈Çu IT,3
IT Network Administrator,3
Programista Embedded (C/C++ / C +Python),3
Technical Manager,3
Digital Experience Specialist,3
RPG Developer (100% remote),3
Java AWS Engineer,3
Frontend Tech Lead,2
Administrator sieci,2
Senior Cloud Security Engineer,2
Golang Developer,2
BI Developer PENTAHO/KETTLE,2
Tester oprogramowania,2
(Senior) Android Developer,2
Senior Backend Engineer (Node.js),2
Software Tester (aplikacje mobilne),2
Full Stack Software Engineer,2
Programista C++ w sektorze kosmicznym,2
Junior Unity Developer,2
Programista .Net,2
C++ Developer with Linux,2
Senior Frontend Developer (Angular),2
Enterprise Architect,2
Senior SharePoint Developer,2
Security Engineer,2
Mid-level Backend Engineer (Node.js),2
IOS DEVELOPER,2
Developer C# lub ASP.NET,2
Senior iOS Engineer,2
Senior Web Developer,2
Mobile (Android) developer,2
Laravel Developer,2
Senior Salesforce Consultant,2
IT Manager,2
Junior IT Solution Specialist,2
L1 Simulation Engineer Working Student,2
Senior Android Developer (obszar Mobile),2
Workflow System Spec (Workflow Deweloper),2
Senior/Strong Middle Frontend Developer,2
Digital Analyst,2
Developer FRONTEND,2
üëâSenior Project/Delivery Manager,2
Senior WordPress Developer,2
Lead Full-stack Developer (Java + React),2
UX Lead Researcher,2
.NET / Angular Developer,2
Test Automation Engineer,2
Senior PHP Software Engineer,2
Senior Frontend Developer (React),2
Magento 2 Developer,2
Mid/Senior Node.js Developer,2
Junior Fullstack Developer,2
Senior Project Manager,2
Lider Technologiczny Platformy,2
Senior Platform Java Developer,2
Senior QA (C#) Engineer,2
Business Intelligence Developer,2
Senior DevOps Engineer (Remote),2
Programista Cloud,2
Backend Engineer,2
Remote Angular Developer,2
Senior Software Development Engineer,2
Software Engineer (Internship),2
Senior Front-End (Angular) Engineer,2
Junior Full Stack Developer,2
PHP Full Stack Developer,2
Fullstack Java Developer,2
Python Data Scientist,2
IT Infrastructure Engineer,2
Azure Cloud Architect,2
GoLang Developer,2
Administrator Linux,2
UX / UI Designer,2
Administrator System√≥w Informatycznych,2
SOC Analyst,2
"Fullstack Developer (Java, Angular)",2
Test Automation Non-Functional Testing,2
G≈Ç√≥wny/a Specjalista/tka ds. Analizy Malware,2
Mid Full Stack PHP Developer,2
Machine Learning Engineer (Mid),2
Senior Java Developer (hybrydowo),2
Admin Azure,2
Solutions Architect,2
Junior Low Code Deweloper,2
Junior Software Tester,2
Embedded Software Developer,2
Remote PHP Developer,2
Cloud Monitoring Engineer,2
Automatic Speech Recognition Engineer,2
Senior Back-end Developer,2
Product Owner - zesp√≥≈Ç CRM,2
Programista Android,2
Master Data Specialist,2
Programista Embedded,2
"Senior .NET Developer (.NET Core, React)",2
Infrastructure Team Lead,2
Security Operations Engineer,2
Technology Strategy Cosultant- Agile IT Operating Model all levels,2
Automation Tester,2
In≈ºynier system√≥w informatycznych,2
IT DevOps,2
Senior Azure DevOps Engineer,2
Senior Research Scientist,2
Senior Network Engineer L2,2
Embedded C Developer,2
IT Customer Success Specialist,2
SAP SD Consultant,2
SQL Developer,2
DevSecOps Engineer (Azure),2
Expert Fullstack Python & React Engineer,2
Specjalista ds. wdro≈ºe≈Ñ system√≥w B2B,2
IT Senior Transition Consultant,2
Administrator System√≥w IT (Linux),2
IT Helpdesk Specialist,2
Mid Python Developer,2
"Lead Product Manager, Financial Data",2
Junior Developer (Front-end/IT Support),2
Data Privacy Business Analyst,2
Release Engineer,2
IT Operation Specialist,2
Android Platform Developer,2
Lead Devops,2
Security Administrator,2
M≈Çodszy Analityk Biznesowy,2
Konsultant ds. wdro≈ºe≈Ñ system√≥w CRM,2
Senior Fullstack Software Engineer -.NET,2
IT Project Manager (Mobile Solutions),2
Fullstack Developer (Mid/Senior),2
Mid Node.js Developer,2
Frontend Developer (React),2
Full Stack Software Engineer Mid-Senior,2
Expert Software Engineer,2
PL/SQL Developer,2
Tester Oprogramowania,2
Software Engineer Android,2
Rust Developer,2
IT SPECIALIST,2
OneDrive / SharePoint online engineer,2
Frontend Developer - TAX GMS Develop,2
Specjalista ds. Bezpiecze≈Ñstwa IT,2
Angular Frontend Developer (Automotive),2
Senior React Developer / Tech Lead,2
Cloud Data Developer,2
üëâSenior/Principal Azure DevOps Engineer,2
Regular Full Stack Developer,2
Software System Analyst,2
Mid/Senior Frontend Developer,2
Administrator SAP Basis - S IT,2
.NET Back-end developer,2
Remote Scrum Master,2
Junior DevOps Engineer - AWS,2
Junior Backend .NET Developer,2
React Developer (e-commerce),2
Associate Software Engineer,2
Java Test Automation Engineer,2
"Senior Engineering Manager, Merchant Ser",2
IT Manager (German),2
Full Stack Software Engineer (Remote),2
Firmware Quality Assurance Engineer,2
Internship - Mobile Devices Tester,2
Web Application Developer,2
Senior UI Designer,2
Linux Developer ‚Äì Automotive,2
Junior Project Manager,2
Cloud Services Developer,2
Oracle SQL Database Developer,2
(Sr) Full Stack Developer PHP + React.js,2
Junior Database Admin (Central IT Dep.),2
ServiceNow Consultant (Javascript),2
Administrator DevOps,2
Senior AWS Engineer,2
Senior Test Automation Engineer,2
Analityk biznesowo - systemowy (Us≈Çugi),2
AWS Cloud Infrastructure Engineer,2
Koordynator ds. wdro≈ºe≈Ñ i rozwoju sys.IT,2
Konsultant Cognos Analytics,2
Senior Front-end Engineer,2
Digital Finance Solution Architect,2
Security Architect,2
UX Design Manager,2
Full stack developer,2
IT Solution Architect,2
Junior/Mid Data Engineer (Biotech),2
Administrator system√≥w IT (j. niemiecki),2
Analityk systemowy,2
"Programista PostgreSQL, SQL, PL/pgSQL",2
Junior/Mid Site Reliability Engineer,2
Power Platform Consultant,2
Frontend Developer (Mid/Senior),2
Senior Scala Engineer,2
Senior Frontend Software Engineer,2
Senior Software Engineer (C++),2
Development Team Lead,2
Administrator baz danych,2
Outsystems Developer,2
Frontend Developer (Vue.js),2
Startup Mid Developer,2
IT Project Manager (SAP ERP + S/4 HANA),2
IT Delivery Director,2
Remote Java Developer,2
Senior Test Engineer,2
Senior Devops,2
Senior DWH Developer,1
Senior GoLang Software Engineer For Networking Project,1
Infrastructure Security Architect,1
Full Stack Developer / Architekt IT,1
IT Infrastructure Specialist,1
In≈ºynieria Danych (Data Engineer),1
BI Developer (Qlik Sense),1
DevOps Cloud Engineer,1
Java Developer (FinTech),1
Senior PHP Backend Developer  /Katowice,1
Lead Senior Full Stack .NET Developer,1
Integration Engineer,1
Senior Frontend Developer with .NET,1
Java/C++ Developer (IMS),1
Analityk IT obszar ubezpiecze≈Ñ ≈ºyciowych,1
Senior Software Egineer (Python),1
IMS Telecommunication Engineer,1
Administratorka/Administrator Aplikacji,1
Senior Fullstack Developer with German,1
Administrator(-ka) IT,1
JSF Engineer,1
Product Owner (Cloud migration),1
Backend Developer w/ Node.js (REMOTE),1
Product Owner / Scrum Master,1
Lead UX/UI Designer [RELOCATION],1
Administrator SAP Basis,1
Java Developer in Digital ID Project,1
Quantitative Analyst in Market Risk,1
Senior SAS DevOps Engineer,1
M≈Çodszy analityk systemowy,1
IT Analyst for SWIFT Operation,1
"Analyst, Regulatory Affairs",1
SAP Adobe Forms Developer‚Äã,1
Android Engineer,1
FullStack Developer (Java/Angular),1
BI Developer (Tableau),1
Senior Cloud Engineer (Tech Lead),1
Senior Analyst in Credit Risk,1
Konsultant SAP HR,1
Junior Application Support Specialist,1
Service Level Manager(-ka),1
Java Developer (algorithmic trading),1
Senior Big Data Engineer,1
Unity / C# Software Engineer,1
Unreal Engine / C++ Software Engineer,1
Senior Product Manager - Colleague Facts,1
PostgreSQL ETL developer,1
Analityk danych,1
Snowflake Lead / Architect,1
DevOps Team Lead,1
Konsultant wewnƒôtrzny SAP CRM- HQ,1
Junior Software Engineer - Frontend,1
üíª Project Manager - IoT,1
Koordynator prac badawczo-rozwojowych,1
IT Delivery Manager,1
Front-end Developer (React),1
Data Engineer (ETL),1
IT Support Engineer (L2),1
Analytics Testers‚Äô Lead,1
Analityk (Departament Infor. ZarzƒÖdczej),1
Tester ‚Äì Specjalista QA,1
Remote Backend Java Developer,1
Programista Oracle,1
Cloud Security Consultant (Azure),1
ETL / Data Engineer - Remote/ Wroc≈Çaw,1
SysOps/DevOps (Azure),1
Junior Scrum Master,1
Senior Java/Scala Developer (hybrid),1
Programista Integrator,1
Administrator Serwer√≥w Windows,1
Analityk ds. szacowania z≈Ço≈ºono≈õci oprogramowania,1
Junior IT Infrastructure Specialist,1
Senior IT Analyst,1
Data Engineer (Power BI Developer),1
Developer ds. Szablon√≥w (specjalista IT),1
Specjalista ds. cyberbezpiecze≈Ñstwa IT,1
QA Software Test Automation Engineer,1
BI Data Engineer,1
Junior IT Admin,1
"PHP Developer - eCommerce, CRM, AutoID",1
SENIOR GAMEPLAY PROGRAMMER,1
Mid Front-End Developer,1
Application Technical Consultant,1
Samsung Health SDK Advocate with Android,1
Starszy Tester AutomatyzujƒÖcy,1
IT Operations Unit Manager,1
"Frontend Developer (Angular 10+, SaaS)",1
Architekt System√≥w Informatycznych,1
Administrator Remedy/BMC Helix,1
Performance Test Lead,1
Android Developer - Prague relocation,1
Senior PHP Developer - Prague relocation,1
Senior PHP Engineer (Hybrid),1
Analityczka/Analityk Systemowy(GOmobile),1
Configuration Technician,1
SAP CO Consultant,1
Team Lead (Node.js + React),1
Programista e-commerce (php/javascript),1
Software Developer - Java,1
PROGRAMISTA C++,1
Enterprise Data & Analytics Consultant,1
Administrator Aplikacji i Baz Danych SQL,1
Service Owner,1
IT Solution Architect for Analytics,1
Senior PHP Developer - Symfony,1
Symfony PHP Developer,1
Senior / Lead Java Developer,1
Ekspert ds. analiz danych i BI,1
Senior SAP Consultant (OTC),1
Manual QA Engineer,1
Marketing Data Analyst,1
Remote Python Developer,1
Data Center Analyst,1
.Net Developer (Full stack),1
Senior Java/Scala Software Engineer,1
Middle¬†Frontend Developer,1
IT Engineer - Tech Support‚Äã,1
"Developer C++ , SQL, Linux",1
Senior Backend Engineer (Golang),1
Senior/Lead Test Engineer with C,1
Tester System√≥w Informatycznych,1
Ekspert ds. Business Intelligence,1
Senior Data Engineer II,1
App Developer,1
Remote React Native Developer,1
Senior Roku Developer with BrightScript,1
Architekt korporacyjny IT,1
Reporting Analyst Expert,1
Open Source Senior Frontend (React) Engineer,1
Test Automation Engineer (pharma),1
Backend Developer (Java/Kotlin),1
QA Engineer (Playwright),1
Administrator Sieci Telekomunikacyjnej,1
Network Security Architect,1
Software Security Engineer,1
Remote Fullstack .Net Developer (React),1
Java/ Kotlin Developer,1
IT System Analyst / Analityk Systemowy,1
BI Engineer,1
Mid DevOps Engineer - Tribe Billing,1
"Data Engineer (T-SQL, SSIS)",1
Junior .Net Developer,1
Linux Kernel Developer,1
Technical System Engineer - 3DVIA,1
Senior Fullstack Developer (Java + Angular),1
Junior Node.js Developer,1
SAS ETL developer,1
Pre-Sales Engineer,1
Murex Technical BA,1
Android Developer (Kotlin),1
BAU MLC Support,1
Murex Technical Analyst,1
Application Specialist with Cloud,1
Product Manager - Opera Gaming,1
IT Data Modeler,1
Programista PHP - Prestashop,1
Cloud Security Consultant,1
üëâPHP Developer (logistics industry),1
üëâPHP Developer,1
üëâSenior/Principal PHP Developer,1
DevOps / Linux System Engineer,1
Security Intern,1
Solution/Enterprise Architect,1
Financial Analyst (Banking - P&L),1
Software Engineer (JavaScript),1
iOS Engineer,1
Junior Product Owner Business Mobility,1
Containerized Platform Engineer,1
Regular PHP Developer,1
Murex Developer,1
Architekt Domenowy,1
Security Testing Specialist,1
Starszy Analityk Systemowy,1
Business-System Analyst (Murex),1
MID/Senior Software Engineer,1
React Developer & UI Designer (part-time),1
Manager - Compliance Analytics,1
Lead/Senior C Developer,1
Senior Big Data Developer,1
Python Developer (Engineering),1
üëâUX Designer,1
Senior/Expert Feature Test Engineer,1
Specjalista ds. service desk IT,1
Big Data Engineer with Scala,1
Regular Python Developer,1
Tech Lead Java,1
In≈ºynier DevOps (MS Azure),1
Mid Software Engineer C# ASP .NET MVC,1
IT Ops - Information Technology Engineer,1
Praktykant  - Cyber H@ckademy,1
Senior Backend .NET Developer,1
Data Management Lead,1
Senior Developer Backend,1
DEVELOPER  w technologiach SAS,1
Vue.js Developer (Remote),1
Junior Business Analyst,1
Senior Developer Frontend,1
"Cloud Engineer (Java, AWS)",1
MID/Senior Software Engineer (Node.js),1
Linux and Network Administrator,1
 Principal/Team Leader C++ Software Engineer,1
Senior Full Stack Java Developer,1
Senior Technical System Engineer,1
M≈Çodszy Administrator System√≥w,1
Analityk / Projektant systemowy IT,1
"Senior Game Developer (C++, Unreal Engine)",1
Analityk/Projektant urzƒÖdze≈Ñ fiskalnych,1
C/C++ Developer for 5G RAN (Mid-level),1
Administrator Jira,1
.NET DEVELOPER,1
5G RAN Test Automation Engineer,1
Senior API Developer,1
Expert SAP FI/CO,1
Analityk ds. Jako≈õci/Tester,1
Junior Delphi Developer,1
Remote M≈Çodszy Analityk IT,1
R&D Tech Lead (C#/.NET),1
Python Data Engineer,1
Senior Software Engineer - Data Team,1
Programista/ka Baz Danych,1
Administrator Aplikacji i Proces√≥w,1
UI Designer (Mid/Senior),1
Product Owner Customer Order & Structure,1
Founding Full Stack Engineer,1
Analityk Systemowy/Biznesowy,1
DevOps Engineer with .NET,1
Python Backend Developer,1
"Managed Service Operations Analyst,FIS U",1
Senior MicroStrategy Developer,1
Backend Node.js Developer,1
Elixir Developer,1
Junior C# Developer,1
Senior Full Stack Developer with Python,1
"Technology Business Consultant, FIS UP",1
Senior Penetration Tester,1
Senior Data Analyst - Tableau Designer,1
"üî•Senior Backend Developer (C#,AWS)",1
Expert Python & React Engineer (MedTech),1
IT Asset Analyst,1
Backend Java Developer (Remote),1
Senior Growth Engineer for Whiteboards,1
SAP LOG Consultant,1
Software Frontend Engineer,1
Mission Analysis Engineer,1
Penetration Tester,1
Mid / Senior Data Engineer,1
Tech Summer Camp 2023- Developer,1
Golang Developer (eBike),1
Junior Elektronik-Programista C/C++,1
Senior PM - Advanced Analytics,1
Internship ‚Äì Technical Support Intern,1
Communication and collab DevOps Engineer,1
European IT Junior Network Engineer,1
Application Developer (banking sector),1
Specjalista system√≥w baz danych i analitycznych (on-premise/cloud),1
Senior Application Engineer,1
Low-Code Developer,1
SAP Basis Administrator,1
IT Service Desk Specialist,1
Java Developer with Big Data,1
Salesforce Team Lead (reloc.),1
Junior HelpDesk & IT Support,1
Software DevOps Engineer,1
Senior .NET Integration Developer,1
Tech Lead (Web),1
Data Science Engineer,1
Android developer,1
M≈Çodszy specjalista techniczny,1
Application Engineer,1
C++ Intern in NPU Compiler Project,1
Senior Network Engineer,1
Internship-Mobile Communication Division,1
M≈Çodszy analityk/Projektant systemowy IT,1
Techniczny Analityk Biznesowy,1
AI Lead Engineer,1
(Senior) Software Engineer,1
AUTOSAR Embedded SW Developer,1
Staff Infrastructure Engineer,1
PHP Developer (PrestaShop),1
Android Developer at Aura (Unity),1
Field Engineer - Solution Manager,1
Technical Support Engineer (3nd line),1
Remote Frontend Developer (React),1
Infrastructure Security Engineer,1
Technical Support Engineer (2nd Line),1
Junior Telecommunication Test Engineer,1
Internship - Android Platform Developer,1
Audio Engineer,1
Internship - ExynosAuto Tester Engineer,1
QA Automation Engineer - Python,1
Mobile Telecommunication Engineer,1
Junior Mobile Telecommunication Engineer,1
Algorithm Test Engineer,1
Mid Golang Developer - Tribe Billing,1
L2 Technical Support Specialist,1
Support Specialist,1
Senior Kotlin Developer,1
Pre-Sales Manager,1
Backend Developer - PHP,1
"Junior Project Manager, FIS UP",1
Global Manager Digital Operations,1
Tester Oprogramowania (Manualny),1
Application Security Governance Officer,1
Embedded SW Engineer- Audio / Automotive,1
Junior Solutions Engineer,1
PHP Developer (Laravel),1
C# Developer with React,1
European IT Infrastructure Engineer (L2),1
Stream Architect,1
Project Manager Oracle Enterprise Apps,1
Developer Oracle PL/SQL,1
Java Developer (Junior-Regular),1
European IT Infrastructure Engineer (L3),1
"Software Engineer (Python, PHP)",1
Junior Backend Engineer,1
Full Stack Developper,1
Senior AI Researcher,1
Business Data Analyst ‚Äì VBA,1
Spec. w Zespole Controllingu Biznesowego,1
Junior Software Engineer - Java,1
Data Center Engineer,1
Sys Admin - DevOps,1
Engineering Lead,1
Associate Product Manager,1
C# Backend Developer,1
Analityk biznesowo-funkcjonalny,1
"IT&D Senior Analyst, Full Stack Engineer",1
Junior Software Engineer - Mainframe,1
Senior Software Engineer (Tech Lead),1
Analityk Systemowy (R&D),1
Senior Backend Developer,1
Junior System Test Engineer,1
DevOps platformy Productive24,1
Data/IT Analyst,1
Frontend Engineering Manager,1
Team Menad≈ºer/ Team Menad≈ºerka,1
Java Academy,1
Konsultant wewnƒôtrzny SAP SD- HQ,1
Analityk (Zesp√≥≈Ç Raport. i Analiz Biz.),1
Mid/Senior PHP Developer,1
Junior Software Engineer - Salesforce,1
Analityk eCommerce,1
DevSecOps Engineer,1
Engineering Manager - BCDR Portal,1
Founding Protocol Engineer,1
Programista REST API,1
Cloud Engineer / MLOps,1
In≈ºynier Bezpiecze≈Ñstwa,1
"Implementation Analyst, FIS UP",1
Junior DevOps Platform Engineer,1
WEB DEVELOPER LARAVEL,1
Datto BCDR ‚Äì MID Software Engineer,1
Audytor cyberbezpiecze≈Ñstwa,1
Senior Systems Development Engineer,1
Koordynator wdro≈ºenia IT SAP SuccessFactors (IT Entity Coordinator),1
PowerBI Developer (Senior),1
In≈ºynier DevOps,1
MySQL DBA,1
Storage Engineer - Infrastructure,1
Google Analytics Specialist,1
Tester Oprogramowania Junior/Regular,1
Tester automatyczny,1
Senior IBM Cloud Architect,1
Middleware Administrator,1
ETL Tester,1
Administrator System√≥w Frontowych,1
Remote Frontend Developer (Vue.js),1
Front-end Architect -Customer Experience,1
Senior AWS Cloud Software Engineer,1
Manual Tester (QA),1
Innovation & Technology Manager - Customer Experience,1
ETL Developer (IPC),1
Senior Product Designer - Design Growth,1
European IT End-User Computing Engineer,1
Administrator system√≥w komunikacji g≈Çosowej ,1
Junior IT System Administartor/Analyst,1
Senior Mobile App Analyst,1
Azure Infrastructure Architect,1
Mid QA Engineer,1
Senior C/C++ Developer (Automotive),1
Programista ds. raport√≥w,1
Business Analyst - Customer Experience,1
AWS Data Architect,1
Senior Business Analyst - ecommerce area,1
"Developer - PHP, HTML5, CCS3, JavaScript",1
Client Implementation Engineer,1
Quant Developer,1
Senior QA Automat Engineer,1
Remote Full Stack Software Engineer,1
"System Engineer - Admin (SCCM, AD)",1
KYC Analyst,1
Software Engineer Intern,1
Front-end Developer (Angular) / bez CV,1
Network Security Specialist,1
Angular Lead,1
Senior/Market Research Specialist,1
Frontend Architect,1
AWS DevOps Mid Engineer- Remote/Wroclaw,1
Senior Fullstack Python Developer,1
IT Senior Project/Portfolio Manager,1
Azure Security Architect,1
Full Stack Developer (Java/Angular),1
Java Developer-Stream Automation Backend,1
Senior Fullstack .NET Developer,1
Senior Business System Analyst,1
Senior Python Django Developer,1
Specjalista ds. Cyberbezpiecze≈Ñstwa,1
Lead iOS Engineer,1
Admin. aplikacji (Linux),1
Experienced PostgreSQL-GPU Developer,1
Mid iOS Developer (Swift),1
QA Engineer with Java (project based),1
AWS Devops Engineer- Remote/Wroclaw,1
DevOps Engineer for IoT Solutions,1
Senior QA Specialist,1
Quality Manager,1
Senior PWA Studio Developer (React.js),1
Senior Microsoft Dynamics 365 Specialist,1
Linux Operations Specialist,1
Python Data Engineer (Financial Ind.),1
Head of Operations,1
DevOps Engineer with DBA skills,1
Senior Mobile QA Automation Engineer,1
Software Java Developer,1
Application Support Specialist - BI,1
Implementation Consultant,1
IT Support Operations Team Leader,1
Tech Support Lead,1
Analityk e-commerce,1
Automation Engineer,1
Engineering Team Lead,1
Software Java Architect,1
Java Developer - Banking,1
Technology Strategy Consultant- Agile IT Operating Model all levels,1
PWA Studio Developer (React.js),1
IT Analyst in Corporate Lending,1
Regular QA Specialist,1
Manager Zak≈Çadu/Plant Manger-Data Center,1
Mid/Senior Java Fullstack Developer,1
Junior Data Engineer (entry-level),1
Senior Technology Specialist - Logistics,1
Technology Specialist - Integration,1
Database Reliability Engr ElasticSearch,1
Senior Java Software Engineer (Nykredit),1
Mid Kotlin Backend Developer,1
Senior Chapter Lead,1
Junior Programista C#,1
Network Developer,1
Kierownik Dzia≈Çu Infrastruktury IT,1
Digital HR Specialist,1
Android Developer (regular),1
Technical Leader/Senior Backend Engineer,1
Support 3rd Level Consultant,1
Software Development Engineer III ‚Äì Java,1
LTE/5G Mobile Telecommunication Engineer,1
Software Java Architect with German,1
Senior Software Developer - Java,1
Java/PostgreSQL  fullstack developer,1
Java/PostgreSQL jr. fullstack developer,1
Software Engineer Intern (Java),1
Azure Cloud Developer,1
Senior Java Backend Developer,1
IT Continuity Process Expert,1
Java DevOps Developer,1
IT specialist,1
Senior Front-end (React JS) Developer,1
Quality Assurance Specialist,1
Front-end (Angular) Developer,1
Analityk/czka System√≥w Biznesowych,1
ASR Product Owner,1
In≈ºynier DevOps (AWS),1
Remote Senior Magento 2 Developer,1
Security Testing Expert,1
Analityk Biznesowo ‚Äì Systemowy / Product Owner,1
Senior Full Stack Developer (.NET),1
Junior Fund Accounting Analyst,1
JUNIOR TECHNICAL SUPPORT / HELPDESK,1
Senior Technical Consultant (BA),1
AWS Developer (TypeScript+Node.js),1
Tester (Manual /Automation),1
QA Automation Engineer I,1
Senior C# Developer,1
C# / .NET Developer,1
Senior Full Stack Developer with .NET,1
PHP Developer Junior/Mid,1
IT Coordinator,1
"Marketplace Data Analyst, CEE",1
Java Backend Developer (regular),1
MS Dynamics 365 Engineer,1
Data Engineer (Databricks)‚Äã,1
Specjalista ds. wdro≈ºe≈Ñ IT,1
Senior ML Python Engineer,1
Analityk w Zespole System√≥w Szkodowych,1
Android Developer in Digital ID Project,1
Frontend Dev - Ubezpieczenia MajƒÖtkowe,1
Senior Frontend Developer - Angular,1
Mistrza od Front-endu (Vue 3 / Three.js),1
Specjalista ds. Utrzymania System√≥w IT,1
Junior Frontend (React) Engineer,1
Software Consultant,1
Specjalista ds. Test√≥w IT,1
Java EE Developer with German,1
Starszy Administrator Sieci,1
Java Developer (Systemy Ubez. ≈ªyciowych),1
Kierownik Zespo≈Çu Programist√≥w,1
Specjalista Analityk,1
Financial Systems Analyst,1
IoT Hardware System Engineer,1
IT Business Analyst‚ÄìSupply Chain Europe,1
IT Business Systems Analyst,1
Senior/Mid C++ Developer,1
Full-stack .NET Developer with Angular,1
Lead/Sr Embedded SW Development Engineer,1
M≈Çodszy Analityk Systemowy,1
Embedded Software Test Engineer,1
NodeJS Developer,1
Senior Embedded Linux Engineer,1
Software Developer Delmia Quintiq,1
Senior IT Systems Analyst,1
Technical Analyst,1
Automation DevOps Engineer,1
Windows 10 DevOps Engineer,1
Servicedesk & Network Specialist,1
IT BA‚Äì Research & Development,1
Konsultant Microsoft Dynamics 365,1
Product Owner/Business Consultant,1
Software Embedded C & C++,1
Senior Systems Analyst,1
Mid QA Engineer - Middleware team,1
Agile Specialist,1
Analityk Biznesowy / Systemowy,1
Junior Angular Developer,1
Business Analyst - Tax Technology,1
In≈ºynier oprogramowania,1
Java Fullstack Developer (Angular),1
Senior BI Developer with Azure,1
Product Owner (Serwisy Internetowe),1
Architekt rozwiƒÖza≈Ñ IT,1
Front end developer,1
Middle/Senior React Developer (ADTECH),1
Junior Quality Assurance Engineer,1
Solutions Engineer,1
Java Backend/Fullstack Developer,1
Mid Angular Developer,1
Fullstack Web Developer,1
ERP SPECIALIST,1
PHP Software Developer,1
Project Manager (Digital/CRM projects),1
Android AOSP Developer,1
Frontend Angular Develope(100% Zdalnie),1
M≈Çodszy Programista,1
Functional Consultant,1
Software Developer in Test (Java),1
QA Engineer - Python,1
"Senior .NET Developer (.NET 6, Azure)",1
Team Leader - C#.Net + Angular,1
DevOps Engineer with Python,1
Administrator ds. Sieci i System√≥w,1
Java Backend Engineer,1
Java Backend Developer for IoT Solutions,1
Solaris Administrator,1
FullStack Developer - Banking IT HUB,1
Senior C++ ROS Software Engineer,1
Engineering Manager - Payments team,1
Azure Automation Engineer,1
System Architect (Automotive),1
Frontend Developer (Automotive),1
Java Developer ,1
Senior Systems Administrator,1
Front-End Engineer for Cloud  Services,1
M≈Çodszy Architekt RozwiƒÖza≈Ñ,1
Senior AWS Developer (TypeScript+Node.js),1
Full-Stack Developer,1
Senior Firmware Engineer,1
Cloud Developer with Python,1
Workday Developer (FinTech),1
Merchant Onboarding Specialist,1
Full Stack Developer with React,1
Front-end Developer (Angular),1
Technical Team Leader (Java),1
Senior Drupal Developer,1
Analityk biznesowy/Product Owner,1
Front-end Senior Developer,1
Senior IT Architect,1
Vue.js Developer (Pharma),1
Test Automation Engineer with Python,1
Corporate Digital Solution Architect,1
Lead DevOps Engineer,1
Lider Zespo≈Çu Analityk√≥w / Analyst Team Lead,1
Lead Node.js Developer,1
SuperBohaker (Wolontariusz),1
Mid / Senior Java Developer,1
Remote Senior Devops Engineer,1
.NET Software Engineering Intern,1
C# Developer (ASP.NET),1
Network Architect,1
QA Paid Internship,1
Fullstack Java Developer (Angular),1
Junior Software Developer,1
Programista Cobol,1
Web Developer PHP/TYPO3,1
Analityk Big Data,1
IAM Solution Specialist,1
Tester oprogramowania (Embedded),1
MS SQL Database Administrator,1
Security DevOps Engineer,1
SAS Developer,1
Vue.js Developer,1
Mid DevOps Engineer,1
"Product Design, Team Lead",1
Embedded low-level SW Development Eng.,1
Akeneo (PHP) Developer,1
Junior BI Developer,1
"Security, Risk & Compliance Specialist",1
Junior BI Analyst,1
SAP HCM Consultant (German payroll),1
Technical/ Engineering Lead,1
Junior Mainframe Engineer (Engineer I),1
C# / C++ Software Engineer,1
IT Operations Engineer for ‚ÄòeBike‚Äô,1
Tester AutomatyzujƒÖcy (e-commerce),1
Java Developer (English & German),1
Junior SAP SD Consultant,1
Technology Specialist - Smart Brewery,1
Angular Developer / UI Engineer,1
SQA Tester with German,1
Senior Customer Care Engineer,1
Data Consultant,1
Frontend React Developer,1
Pl/SQL Developer (MID),1
Senior QA Automation Specialist (C#),1
Administrator Aplikacji i Baz Danych,1
In≈ºynier wsparcia technicznego,1
Unix System Engineer,1
Senior Front-End Developer,1
Mid Fullstack JavaScript Developer,1
Specjalista (Dzia≈Ç Utrzymania Aplikacji),1
Staff Python Backend Engineer,1
Unreal Engine 5 Internship,1
Statistical programmer in Credit Risk,1
SQA Tester with French,1
IT Support Team Lead (Hybrid),1
Senior Fullstack Software Engineer,1
Optymalizator/ka proces√≥w,1
Specjalista ds. Budowy i Wdro≈ºe≈Ñ System√≥w Informatycznych Productive24,1
Open Source Senior Python (Django) Developer,1
Software Development Engineer II - Data (Fulfillment),1
Senior C# Back-End Engineer,1
API Technical Expert,1
Cybersecurity Systems Senior Engineer,1
DWH Developer,1
Backend/ Full Stack Engineer,1
PHP Engineer (Hybrid),1
Golang Tech Lead,1
Senior Data Scientist (Predictive Maintenance),1
Jr/Mid Data Analyst (HR Department),1
Staff Frontend Engineer (React),1
Konsultant SAP z jƒôzykiem niemieckim,1
Analityk Sprzeda≈ºy-Planista,1
C Developer,1
Software Asset Management Specialist,1
Data Analyst (part-time),1
Administrator Sieci LAN/WAN,1
Analityk/Administrator BI,1
Senior Developer - React & TypeScript,1
St. admin. sieci teleinformatycznych,1
Programista front-end,1
Salesforce Marketing Cloud Consultant,1
Projektant UX,1
DevOps Engineer in Tribe Accounting,1
Senior Python Backend Engineer,1
Cloud Cybersecurity - Senior Expert,1
Senior Vue.Js Developer,1
M≈Çodszy Analityk IT/Product Owner - sta≈º,1
Architekt Biznesowy,1
Team Lead Java Engineer,1
Cloud Engineer with .Net background,1
Site Reliability Engineer (DevOps),1
Junior Python Developer,1
C#.NET Software Development Engineer,1
Programista C#,1
SQA Tester with Spanish,1
Analityk/Analityczka danych,1
Fullstack Developer(Java+Angular 80/20%),1
Analityk Biznesowy ERP/WMS,1
‚ÄãSenior Backend .NET Developer,1
SENIOR NETCODE PROGRAMMER,1
Principal Java Engineer,1
MID Java Developer,1
Site Reliability Engineer (GCP),1
Senior ERP Consultant with German,1
Scrum Master (Mid),1
.NET trainee,1
MID TECHNICAL ARTIST,1
Mid Systems Engineer (Linux),1
Frontend Developer (JavaScript),1
DevOps Engineer (GCP),1
Internship Program - Data & Technology,1
DevOps/ Cloud Engineer,1
Tester Manualny,1
Senior Python Developer/Fullstack Dev,1
Data Scientist / Machine Learning Expert,1
SQA Tester with Italian,1
Administrator/ka Linux & VMWare,1
Software Engineer (High Load),1
Analityk systemowy/Analityczka systemowa,1
Software Developer Cloud (f/m/x),1
Mid iOS Developer | REMOTE,1
DevSecOps Lead,1
MID GAMEPLAY PROGRAMMER,1
Administrator LAN/WAN (Mid/Senior),1
 React Developer,1
Product Owner (IT),1
Kierownik Dzia≈Çu Test√≥w,1
Frontend HTML5+React Developer,1
Technical System Engineer,1
Specjalista Service Desk z j.angielskim,1
Banking Systems Analyst,1
Software Engineer at Consulting,1
Junior C/C++ Windows Agent Developer,1
Tester automatyzujƒÖcy (Java + Selenium),1
Senior IT Project Manager,1
Cards Platforms DevOps Engineer,1
Security Administartor (j. niemiecki),1
Project Coordinator,1
Data Architect (she/he/they),1
In≈ºynier ds. Sieci VAS,1
Senior/Lead Cloud Data Engineer,1
Site Reliability Engineer - Kubernetes,1
Data Warehouse Architect,1
Principal Fullstack Java/Kotlin + React,1
Mentor IT - Analiza Biznesowo-Systemowa,1
Wsparcie klienta z j. hiszpa≈Ñskim,1
Chief Information Security Officer,1
Onsite Support Engineer,1
"Full-Stack Engineer, Product Team",1
Analityk system√≥w (back office),1
Solution Analyst EDI,1
DevOps Engineer (Java),1
Fullstack Developer z Node.js,1
Transport and IP Network Specialist,1
Packet Network Specialist,1
JVM Developer - Summer Internship,1
Data Scientist (all genders),1
System Specialist with Kubernetes,1
IT Hardware Asset Management Expert,1
Product Owner for Internal Web Apps,1
ANALITYK RYNKU/BIZNESU,1
Data Platform Engineer - Data Analytics,1
Senior Full-stack Developer (.Net),1
Cloud Delivery Manager,1
Scala Developer,1
Senior Production Support Analyst,1
AEM Service Delivery Platform Lead,1
Tester Automatyczny,1
Implementations Specialist,1
Tech Leader Senior Software Developer,1
.NET Developer (Mid),1
Consultant Specialist,1
ServiceNow Technical Consultant,1
Cloud Integration Developer,1
Architekt Sieci,1
SENIOR TECHNICAL ARTIST,1
Senior Test Automation Developer,1
C++ Software Engineer for Linux Systems,1
Backend PHP Engineer,1
Senior Network Engineer in Security,1
Python Tech Lead,1
Data Engineer with Looker,1
C++ Developer (PC Browser Engine Team),1
Junior Fullstack Typescript Developer,1
SAP UI5 Developer,1
MID NETCODE PROGRAMMER,1
Lead Brand Designer,1
Programista .NET (Mid),1
Java/Spring Developer for IoT Solutions,1
Regular/Senior Java Developer,1
"DevOps Engineer (AWS, Kubernetes)",1
SQL Server Administrator,1
Senior Automation Test Engineer,1
Tech Team Leader for Whiteboards,1
Senior Python Developer (AWS),1
Projektant(-ka) chatbot√≥w / voicebot√≥w,1
Product Lead of Cloud Competence Center,1
Sr Software Engineer - Connectors team,1
Senior Network Engineer - Palo Alto,1
Quantitative Developer,1
SAP Advanced User,1
Mid/Senior Ruby on Rails Developer,1
M≈Çodszy In≈ºynier Systemowy (LINUX) (k/m),1
Architekt Software,1
Senior QA Engineer with Java/Kotlin,1
HR Application Consultant,1
Full stack developer - Katowice,1
Software QA Engineer,1
IT Supply Chain Business Consultant,1
Senior Data Engineer with MicroStrategy,1
UI/UX Designer/Grafik,1
SQL Developer with Azure,1
Senior Android Developer/ Fullstack Dev,1
Analityk/Analityczka biznesowy/systemowy,1
Junior Software Test Engineer (C),1
IT Systems Analyst,1
Mid/Sr DataBricks Developer,1
Senior/ IT Business Analyst,1
Full Stack Developer (Java + Angular),1
Senior QA Engineer with JS/TS,1
SOA Integration Developer,1
Data Engineer at Orca Security,1
Remote Senior C Embedded Developer,1
PHP Developer (B2C Product),1
Programista JAVA,1
Mid/Senior Network Engineer with Python,1
SAP BASIS / Technical Architect,1
Junior/ MID Data Engineer,1
Director Software Development,1
Software Development Engineer III ‚Äì Java (Address team),1
Senior Business and System Analyst,1
Senior Developer (Python/JavaScript),1
Dynamics 365 (CRM) Developer,1
Junior JavaScript ServiceNow Developer,1
IT Business Analyst - GMS Tax Technology,1
System Analyst,1
Software Development Engineer III ‚Äì Data (Forecast),1
Senior Security Engineer,1
Business Systems Analyst,1
Junior C Developer,1
Sr Data Scient (Predictive Maintenance),1
Software Development Manager - Frontend,1
Front-End / Web Developer,1
Regular Fullstack Developer,1
Business and Systems Analyst,1
Infrastructure Engineer,1
In≈ºynier Oprogramowania Autosar,1
Frontend/SmartSheet Developer (Pharma),1
Analytics Tester,1
Architekt RozwiƒÖza≈Ñ Chmurowych,1
Full Stack Java Developer,1
IT Manager (Finance Systems Division),1
M≈Çodszy Analityk IT,1
KYC Domain Architect,1
Analityk ‚Äì Programista SQL / ETL / DW,1
AS400 DEVELOPER,1
Network Consultant,1
Elixir Engineer,1
Software Quality Manager,1
SOFTWARE TESTER,1
Senior Deep Learning Engineer in AI Team,1
Fullstack PHP Developer,1
Contenct Specialist,1
Mid/Senior Java Software Engineer,1
Senior CloudOps/DevOps Engineer,1
M≈Çodszy Wdro≈ºeniowiec,1
Analityk/-czka ds. Planowania i Analiz Biznesowych,1
Software Engineer/Frontend,1
Regular JavaScript Fullstack Developer,1
Kubernetes/Cloud  Architect (AWS),1
Python Lead Developer,1
Analityk/Konsultant Syst.Informatycznych,1
Java Developer / Fullstack Developer,1
IT Cyber Security Specialist,1
Back-end/Data Developer,1
Senior Database Developer,1
MS PowerApps Developer,1
"Senior Frontend Engineer (TS, React)",1
Regular / Mid PHP Developer,1
Senior IT Support Engineer,1
Senior Python Engineer (Data Platform),1
Systems Engineer (Linux),1
Systems Analyst Services,1
Programista SAP UI5/Fiori,1
Senior/Lead DevOps,1
Product Business Analyst,1
In≈ºynier System√≥w Linux/Vmware/K8S,1
Java Developer (Remote),1
Sr Software Engineer - DWH Team,1
SAP Basis Migration Consultant,1
Fullstack Developer (.NET + React),1
Workload Automation DevOps Engineer,1
Starszy Konsultant SAP SD/MM,1
Junior QA Automation,1
Technical Leader Python Engineer,1
Senior Java Developer- Contract,1
Senior Programmer (Game industry),1
"Data Engineer (Python, Pandas, BigQuery)",1
Graphic Designer (work-from-home),1
Head of Design,1
Head of IT Support Operations,1
Industrial Software Engineer,1
Staff Frontend Engineer (Design System),1
Senior Azure Data Engineer/Architect,1
DevOps,1
PHP / Backend Magento Developer,1
Software Engineer - Backend,1
Mid-level Backend Developer PHP,1
Remote Haskell Developer,1
Manual Tester (WEB & MOBILE),1
Java Developer with Azure,1
Fullstack Developer (TypeScript / Node.js),1
üêß Mid/Senior Embedded Linux Developer,1
üê±‚Äçüë§ Senior Embedded Firmware Developer,1
Senior SAP Integration Consultant,1
Fullstack Javascript Developer,1
Front-end Developer (React.js),1
Analityk Biznesowo-systemowy,1
Spec.ds.Wdro≈ºe≈Ñ ERP-Logistyka i Produkcja,1
Senior Backend Software Engineer,1
C or/and C++ Software Engineer,1
Technical Presales Consultant,1
Analityk Internetowy,1
Senior Software Engineer .NET,1
Tester/ka oprogramowania,1
Frontend Angular Developer,1
Automotive Software Engineer,1
Senior C Software Engineer,1
Senior/Lead Automotive Software Engineer,1
Junior Embedded Developer,1
Devops Systems Engineer,1
Agile Coach/Scrum Master,1
MLOps Engineer,1
Frontend (Angular) Developer,1
Senior Java Developer/ Tech Lead,1
Salesforce Solution Designer,1
Mid Android Developer (hybrid),1
Senior DevOps Engineer (GCP),1
Endpoint Management Specialist,1
Specjalista ds. Wdro≈ºe≈Ñ ERP - Ksiƒôgowo≈õƒá,1
Senior .NET Software Developer,1
Senior Data Engineer ,1
IT Support Engineer,1
Mid/Senior PHP Developer (Symfony),1
Analityk system√≥w ERP,1
Mid/Senior Backend Java Developer,1
Frontend Team Lead,1
Team Lead QA Engineer,1
Senior SAP HCM Consultant,1
Senior SAP CO Consultant,1
"Sr Software Engineer (Java, Javascript)",1
CRM Business Analyst,1
Low-code (cPlace) Developer with German,1
Analityk Bizesowo- Systemowy,1
Senior C++ Software Engineer,1
Internal Vulnerability Scanning Spec.,1
Business Solutions Analyst,1
Finance Analyst / Controller,1
Principal Software Engineer (Java),1
Administrator system√≥w,1
Engineering Manager (RoR),1
Market Research Support Executive,1
Middle Scrum Master,1
Senior Engineering Support Advisor,1
D365 Commerce / AX Retail Consultant,1
Junior Product Support Specialist,1
Kitchen Equipment Junior Buyer,1
Technical Lead,1
Analityk / Analityczka IT,1
C++ Software Engineer & Team Captain,1
Customer Solution Engineer,1
Senior Java Engineer with SQL,1
Analyst / Digital Marketing Analyst,1
Senior DevOps Engineer (work-from-home),1
Fullstack .NET Developer (Angular),1
Kierownik Dzia≈Çu Projekt√≥w IT,1
Creative Designer (Junior/Regular),1
L2 Application Support Analyst (Hybrid),1
Programista Integracji (ESB),1
Senior Full Stack Developer (Hybrid),1
JavaScript Developer ( NodeJs),1
Senior Fullstack Developer,1
AI Mapping and Localization Engineer,1
Analityk Aplikacji IT,1
Senior Computer Vision Engineer,1
Senior Front-end Angular Engineer,1
Java Full Stack Developer,1
Senior FullStack .Net Developer,1
Digital Project Manager,1
C/C++ Software Engineer for Audio,1
PHP MID Developer (Symfony),1
Senior Full-Stack .Net Developer,1
Senior Risk Analyst,1
Senior JavaScript Fullstack Developer,1
Mid Big Data Engineer ,1
Senior React Developer (Remote),1
In≈ºynier Software,1
Project Portfolio & Budget Management Officer,1
Frontend Software Engineer Mid-Senior,1
DevOps Engineer (GCP/Azure),1
"DevOps Engineer (remote, Openshift)",1
Programista Frontend (Vue),1
"Fullstack Developer (React, Node.js)",1
Jr/Mid Data Engineer,1
In≈ºynier ds. bezpiecze≈Ñstwa AntyDDoS/WAF,1
"Full stack developer (Java, Angular)",1
Lead Security Officer (kontrola i audyt),1
Analityk / Projektant system√≥w IT,1
Administrator Sieci,1
IT Infrastructure Architect,1
Analityk IT Biznesowo-Systemowy,1
Agile Delivery Manager / Scrum Master,1
Analityk/czka Biznesowy/a,1
Help Desk Lead / Kierownik Help Desk,1
Engineering Location Lead,1
Software Architect (Magento),1
System Engineer/DevOps,1
SQL Administrator - Zesp√≥≈Ç S IT,1
Tester AutomatyzujƒÖcy (Java),1
Senior Java/Kotlin Developer,1
Backend .NET Developer,1
Senior UX/UI Designer  #internalusers,1
Release Manager,1
Business Analyst BSS/OSS with German,1
Senior Business Analyst - Salesforce,1
Senior Java/Fullstack Developer,1
Full-stack Developer (PHP & React),1
Administrator OpenShift/Kubernetes,1
DevOps Security Engineer,1
Senior Automation Tester,1
Analityk Danych (w systemach BI),1
IT-Support Technician (m/f/d),1
React Native Engineer,1
Senior DevOps - Kubernetes Specialist,1
Technical Program Manager,1
CFIN Technical Consultant,1
Junior ServiceNow Developer (Talent Lab),1
Manual Tester with GIS,1
DevOps(In≈ºynier ds.Utrzymania Aplikacji),1
Starszy Analityk Systemowo - Biznesowy,1
Senior React Node.js Developer,1
Client Support Specialist - Katowice,1
Analityk Biznesowo- Systemowy,1
CPQ Salesforce Developer,1
Junior SAP Access and Authorization Con.,1
Staff Software Security Engineer,1
Junior Marketing Data Analyst üìä,1
CFIN Solution Architect,1
Software Developer DeltaXE,1
Senior SOC Specialist,1
Data Engineer (with AWS),1
Business Consultant - Performance & Risk Analytics,1
Unity Developer,1
Senior Software Engineer C#,1
Specjalista ds.digitalizacji proces√≥w,1
Senior Test Automation Engineer (Java),1
Senior .NET Software Engineer,1
Adobe Experience Manager (AEM) Developer,1
Business-System Analyst,1
CFIN Test Lead,1
Analityk Biznesowy (Rynek Kapita≈Çowy),1
IT Business Analyst in Transfer Agency,1
M≈Çodszy Analityk Finansowy,1
Business Processes Analyst,1
Project Manager (with German),1
Mobile Dev (Flutter) - Remote,1
Principal/Team Leader C++ Software Engineer,1
First Level Support Consultant,1
Junior DevOps (Talent Lab),1
M≈Çodszy Analityk Aplikacji IT,1
Analityk Systemowo-biznesowy,1
Hardware Support with German,1
Service Manager,1
Analityk IT- systemowo biznesowy,1
System Specialist (Azure Cloud),1
Administrator Systemu,1
.NET Tech Lead,1
Analityk Biznesowo - Systemowy,1
Senior .NET Back-End Developer,1
Senior Scala Spark Developer,1
Regular Java Developer,1
Avaloq Software Engineer,1
Senior Project Manager Advance Analytics,1
AEM Technical Architect,1
Senior Software Developer with German,1
Senior Product Manager Integration Platform,1
Customer Journey Expert in Anti Fraud,1
"Engineering Manager, Cloud Engineering",1
Senior Python Developer with Django,1
DevOps Intern for Cloud Services,1
Software Test Manager,1
Specjalista ds. Wsparcia Technicznego IT,1
IT Business Analyst in Fund Accounting,1
Analityk System√≥w Biznesowych,1
Technical Writer (Internship),1
Software developer (Node.js / React),1
z/OS System Administrator,1
Programista Java ze znajomo≈õciƒÖ JAVA EE,1
QA Automation Engineer (C#),1
Oracle Developer (REMOTE),1
Senior Java developer Fullstack,1
Audio&Multimodal Processing Intern in AI,1
DevSecOps Specialist (junior/mid/senior),1
Data Specialist,1
üëâGolang Developer,1
QA Engineer / Manual Tester,1
Intern IT (analiza biznesowo-systemowa),1
CRM Analyst,1
Senior Kotlin Backend Developer,1
Internship Program,1
Praktyki PHP/ Magento,1
Senior Network Administrator,1
Technical Product Specialist‚ÄìEntry Level,1
IT Developer,1
Front-end developer,1
Administrator Sieci/Network,1
LAN / Data Center network administrator,1
Python Engineering Manager,1
Specjalista ds. proces√≥w,1
NLP Engineer in AI Team,1
Senior Java Developer with Scala,1
Frontend Web Developer w/ Flutter (REMOTE),1
SCRUM MASTER,1
IT Infrastructure Security Engineer,1
Programista Javascript (kontrakt),1
Administrator sieci/firewall,1
Senior C/C++ Developer (POS),1
iOS Developer - mCommerce,1
Developer Advocate / Technical Content Specialist,1
Analityk (NLP),1
Embedded Firmware Engineer,1
Shopware Developer (Mid/Senior),1
JavaScript Developer - Summer Internship,1
Backend Developer (Mid),1
Network Administrator,1
Software Development Engineer II Java,1
Project Management Officer - Fintech,1
Senior Product Security Engineer,1
Junior React Native Developer,1
Middle Front End Engineer (Vanilla Js),1
Front End Engineer (React.js),1
Integration Specialist,1
Analityk Danych (Big Data),1
Software Tester (m/f/d),1
Junior Java Software Engineer,1
Senior JavaScript Dev. (Angular/React),1
Designer UX/UI,1
Administrator aplikacji,1
Mid/Senior Full Stack Engineer,1
Data Engineer (Hadoop),1
Mid/Senior Automation Tester,1
Senior SAP HANA Administrator,1
Fullstack Developer (Java + Angular),1
Regular Data Analyst,1
Software Development Engineer II ‚Äì Data Engineering (Forecast),1
PHP developer (100% zdalnie),1
Senior Network Engineer (she/he/they),1
System Administrator (L3),1
EMBEDDED SOFTWARE DEVELOPER (IOT),1
GIS Developer,1
Senior System - Business Analyst,1
IT&D Data Visualisation Specialist,1
Programista iOS,1
Software Engineering Manager (remote),1
Freelance IT System Analyst,1
Front-end Engineer (React),1
Engineering Manager SwaggerHub,1
Specjalista ds. Utrzymania IT,1
Angular Mid / Senior Frontend Dev,1
Mid/Senior Java Developer with German,1
Data ETL DevOps Engineer,1
Senior Embedded Software Engineer in AI,1
Senior Enterprise Architect,1
Big Data Engineer Want-To-Be,1
Junior Support Engineer,1
Starszy Tester Manualny,1
Senior React.js Developer,1
Senior Python Developer (Analytics),1
Mid .Net Fullstack Developer,1
Analityk Systemowy/Biznesowo-Systemowy,1
Frontend Developer with UI/UX,1
C++ Software Engineer ‚ÄìDriver Monitoring,1
Programista Big Data/Hurtowni Danych,1
Junior Linux Administrator,1
Senior UI/UX Designer,1
Data Engineer - Consultant,1
Programista .NET - p≈Çatny sta≈º,1
Java Application Developer (JSF),1
Senior Front-end Engineer (React),1
Azure DevOps,1
Mobile App Project Manager,1
Software Configuration Engineer,1
Engineering Manager Comms Platform,1
Full Stack .NET Senior Developer,1
Operations Analyst,1
SAP Support Engineer,1
Senior Smalltalk Developer,1
Cyber Security Expert: PKI & PAM Area,1
Power BI/SQL Developer,1
Remote Mid Backend Developer,1
"IT&D Analyst, Full Stack Engineer",1
Regional Product Manager,1
Senior PHP Developer (e-commerce),1
"Jr Fullstack Developer (Python, React)",1
Backend Engineering Manager,1
Senior .NET & Azure Developer,1
Engineering Tech Lead [m/f/x],1
Praktyki - JavaScript/PHPDeveloper,1
Junior .NET Full Stack Developer,1
Senior Developer (Mobile Solutions),1
Senior PHP (Symfony) Developer,1
Product Designer [UX/UI],1
Product Owner/System Analyst,1
AI Team Leader,1
Senior Frontend Developer (Vue.js),1
Fullstack Developer Node.js/Typescript,1
APS Consultant,1
M≈Çodszy programista /Junior Developer,1
Oracle Database Administrator (German),1
Test Automation Engineer (Python/ IoT),1
Sr TechnicalCurriculum Developer/Trainer,1
Tester manualny,1
Power Platform Specialist,1
Quality Engineer,1
Digital Manufacturing Program Manager,1
Software Developer / CI Developer,1
Senior Full-Stack .NET Developer,1
Technical Team Lead ‚Äì Enterprise Data,1
Automation Test Lead,1
QA Technical Specialist,1
Sr/Mid C++ Software Engineer,1
Analityk Satysfakcji / Customer Success,1
Software Engineer (Aviation Industry),1
Firmware Developer,1
Frontend developer (Angular),1
In≈ºynier Systemowy,1
M≈Çodszy Programista Frontend,1
PO / Bussines Analyst,1
PROGRAMISTA PHP,1
Senior/Regular DevOps Engineer,1
Senior QA Automation Engineer (IoT),1
SALESFORCE DEVELOPER,1
Senior Software Engineer (Node.js),1
SAP Integration Support Engineer,1
APM Engineer,1
Administrator Aplikacji,1
Senior Java Software Developer,1
Data Base Developer  ,1
Senior JavaScript Developer,1
Front-end Developer -  React.js / Gatsby,1
Lead Data Fullstack Engineer,1
Snowflake DataWarehouse Lead Engineer,1
Kotlin/Java to Kotlin Developer,1
Remote Senior Java Backend Developer,1
IT System and Business Analyst,1
Finance Platforms Consultant,1
Specjalista ds. Wsparcia Technicznego,1
Regular / Senior Data Scientist,1
Site Reliability Engineer II,1
Manual Software Tester,1
Flutter Engineer,1
Senior Controller with PowerBI,1
Team Lead/Java Full Stack Engineer,1
Data Fullstack Engineer,1
Application Administrator - S IT,1
Senior Soa Engineer,1
AI Engineer,1
Regular DevOps Engineer,1
CV Machine Learning Engineer,1
Golang Developer (Poland/remote),1
Global HW and SW Engineer,1
M≈Çodszy Programista C#/SQL ,1
Regular DevOps,1
Programista Aplikacji Mobilnych (iOS),1
Wordpress Frontend Developer,1
Lead Designer,1
Senior Analyst in Market Risk,1
(Senior) Fullstack Developers wanted!,1
DataBase Application (Developer),1
Delivery Lead/Project Manager in Data&AI,1
FullStack Developer (Golang + React),1
Java Developer all levels,1
Dynatrace Support Consultant,1
UX Analyst,1
Remote Senior QA Engineer,1
Java Developer - Live Data Services,1
Data Analyst (Engineer),1
Fullstack .NET Developer with React,1
Data Engineer - IT Development Lead,1
 Senior Salesforce Consultant,1
In≈º. infrastruktury i syst. operacyjnych,1
Senior Solution Engineer,1
Internship - Linux Developer Automotive,1
Starszy Analityk Biznesowy,1
Android Developer (Test Automation Team),1
Senior ML/NLP Engineer,1
Junior Growth Associate,1
Senior Linux Developer ‚Äì Automotive,1
DevOps Engineer - Summer Internship,1
Technical writer / redaktor w devstyle,1
Analityk Biznesowo-Systemowy IT,1
Java Developer (Mid),1
2nd Line IT Support,1
Mid Test Automation Engineer,1
Test Automation Engineer (German),1
DevOps Consultant,1
Lead Data Engineer,1
KYC Specialist,1
Software Engineer-C/Embedded- Telco,1
iOS Developer m-commerce,1
Senior Engineering Manager,1
Software Development Intern,1
Python Developer (Test Automation Team),1
Junior Linux Developer ‚Äì Automotive,1
Front-End Engineer for Cloud Services,1
QA Manual Tester,1
Data Analyst with programming skills,1
REMOTE BUSINESS ANALYST,1
Senior Cybersecurity Engineer,1
Technical Consultant Engineer,1
Specjalista ds. Raportowania Proces√≥w IT,1
Senior Java SE Developer for Automotive,1
Specjalista serwer√≥w aplikacyjnych (on-premise/cloud),1
Working Student ‚Äì IT Support,1
Programista R&D - Angular,1
Mid iOS Developer,1
Junior Platform & Connectivity Tester,1
Tech Summer Camp 2023 - QA Automation,1
Frontend Developer Vue,1
Java Developer with JSF,1
Mainframe Technical Lead,1
Senior .NET Web Developer,1
Software Developer in Test,1
Software RF Engineer,1
Security Analyst,1
Exynos Modem Tester,1
IT Developer- Microsoft Dynamics,1
PHP Laravel Developer,1
WordPress Developer + Front-End,1
Senior IT Business Analyst,1
Data Scientist Lead,1
Konsultant SAP EWM,1
Dynamics CPG Solution Manager,1
VoiceBot Dialogue Developer,1
Linux System Engineer,1
Starszy Programista Embedded C,1
ServiceNow Developer - SecOps,1
Azure Cloud Infrastructure Architect,1
Backend Java Developer,1
Project Manager with French,1
DevOps Engineer (Integrations),1
QA Engineer (Manual),1
Technical Consultant for B2B Solutions,1
Analityk DWH,1
Analytics Specialist,1
In≈ºynier Test√≥w Automatycznych,1
Embedded Developer (Wifi/Openwrt),1
Unified Communications Service Owner,1
Developer with strong Edlund experience,1
Technical Customer Support Specialist,1
Senior Software Engineer and TM,1
IT Continuity Restore Expert,1
SAP MM Consultant,1
Senior Big Data Engineer / Team Leader,1
React/Next.js Frontend Developer,1
Apps Monitoring Analyst (Hybrid),1
Summer Internship Software Engineer,1
Security Solution Architect with Greek,1
Automation QA Engineer,1
Partner Manager for Mobile B2B Solutions,1
UI Developer with AEM experience,1
Specjalista ds. IT - Help Desk,1
Test Automation Engineer (with Java),1
Senior DevOps Engineer - AWS/Kubernetes,1
Linux Platform Engineer,1
Senior Mulesoft Developer,1
Junior PHP (Symfony) Developer,1
Product Analyst,1
.NET / Dynamics CRM Developer,1
Embedded Linux Developer,1
Backend Developer (Node.js),1
Model-Driven Power Apps Developer,1
Software Engineer Intern (Scala),1
SAP FICO Consultant,1
Senior Angular + Java engineer,1
PHP/Magento Developer(junior/mid/senior),1
Kernel Developer: REMOTE/Work Anywhere,1
Analityk Biznesowy/Biznesowo-Systemowy,1
CM Programmer,1
Sta≈º Python Software Engineer,1
Senior/Medior React Native Developer,1
"Senior IT Project Manager, fluent German",1
SENIOR/MEDIOR GOLANG DEVELOPER,1
Fullstack Developer .NET & Angular,1
Salesforce DevOps & Release Manager,1
Level 2 Support with SQL,1
Senior Tech Engineer,1
Mid React Developer,1
Sta≈º Stanowisko ds. projekt√≥w,1
SENIOR RUBY ON RAILS DEVELOPER,1
Mid Angular 8+ Developer,1
Python Developer with GCP,1
Independent QA Engineer,1
Tester aplikacji - Multimedia,1
Site Reliability Engineer - Intern,1
Software Developer with .NET,1
Senior –°++ Engineer,1
.NET Developer with Oracle DB,1
Infrastructure Architect with German,1
PHP Developer in Big Data,1
Sta≈º w zespole HelpDesk,1
Sta≈º w Dziale BI Development,1
Senior IT Storage Engineer,1
IT&Data Zone Solution Analyst Finance,1
Technical Application Consultant,1
Mid & Senior Java Developer,1
Tech Lead for Open-Source,1
IT Manager/Architect,1
Remote UI Engineer,1
Regular Software Tester,1
FRONTED DEVELOPER REACT NATIVE,1
REST API Developer,1
IT Infrastructure Administrator,1
Specjalista Event Stream Processing,1
Sta≈º Junior PM,1
IT Project Manager (Mid/Senior),1
Senior Cloud DevOps Engineer,1
SAP Consultant EWM,1
"Frontend Developer (Javascript, Angular)",1
PHP Drupal Developer,1
Full Stack Software Developer,1
Solution Architect - Middle East Project,1
Sta≈º Quality Assuarance Tester,1
Sta≈º w Dziale PMO,1
Product manager/Business Analyst,1
"Full Stack Developer (Node.js, React)",1
Programista .NET Z Reactem,1
Information Security Analyst,1
Lead Java Full Stack Engineer,1
DevOps Engineer - Wintel,1
Front-end Engineer,1
Full-stack Python Developer,1
Python Developer - Cloud Platform Team,1
Programista Full Stack,1
Programista E-Commerce,1
Fullstack developer,1
Cockpit AI - Algorithm Engineer,1
Ruby Software Engineer ,1
Programista Web Developer,1
Senior Java Cloud Developer,1
Software Engineer - (React/Node/AWS),1
C++ / QNX hackers (wage in ‚Ç¨ option),1
Senior NodeJS Developer (NestJS),1
System Administrator with German,1
Dynamics 365 BC Technical Architect,1
PHP/Laravel Developer,1
Lead Data Scientist,1
Operations Software Analyst with German,1
IT Security Engineer,1
Senior NodeJS engineer,1
Specjalista ds. Comarch ERP Optima / XL,1
AWS Security Architect,1
Automotive Test Engineer with German,1
Support Engineer,1
Remote Senior Front-end Angular Engineer,1
Senior Angular Expert,1
ServiceNow Consultant ‚Äì cybersecurity,1
iOS Developer (Mid/Senior),1
Senior Software Engineer and Team Manager,1
Data Analytics Manager,1
Dep. Technologii- zesp√≥≈Ç Salesforce,1
Mid Flutter Developer,1
"Senior Engineer, Archer",1
M≈Çodszy Programista SQL,1
Senior Automation QA Engineer,1
Full-stack DevOps,1
Selenium Automation QA Tester,1
TIBCO Systems Administrator,1
Senior Loyalty Analyst,1
Data Product Owner,1
Java Developer with React,1
Demand Planner,1
Middle Software Developer (.NET),1
ML Ops Platform Engineer,1
Application Support Specialist (ERP),1
Frontend Developer / Part-time mentor,1
Starszy Programista .Net,1
Javascript Web Developer/Three.js Dev,1
Head of DevOps,1
Front-end Developer|Marketing & Commerce,1
Remote Mid/Senior SQL Server Admin,1
Business Analyst (pharma),1
Analityk biznesowy / Analityk systemowy,1
Developer Java/Angular (Mid/Senior),1
M≈Çodszy Specjalista ds. Wdro≈ºe≈Ñ System√≥w IT,1
Java Expert (part-time),1
Project Coordinator with German,1
Senior Full-stack  Developer,1
Senior SOA Engineer,1
Test Automation Engineer all levels,1
Java Developer Remote,1
QA Tester,1
Data Quality Tester,1
Senior Embedded Software Developer/TL,1
Tech Lead System√≥w IT,1
Java Developer (mid lub senior),1
Cloud Engineer - AWS & Linux,1
Programista Java Mid/Senior,1
Spark(Java or Scala) Developer,1
Mid Backend Developer (Java),1
Cloud DevOps Engineer,1
Automation Quality Assurance Engineer,1
Senior Software Engineer - 3D Tools,1
Compliance Officer,1
Senior Java Developer/Technical Lead,1
Frontend Developer / Coach (part - time),1
Perl Developer,1
Frontend Developer (Vue) - Tribe Digital Experience,1
IT&D Senior Platform Manager,1
Database Engineer-PostgreSQL-Mid/Senior,1
Solutions Engineer/Architect,1
Programista ds. Automatyzacji Test√≥w,1
Poszukiwana/y informatyczka/informatyk,1
Analityk Biznesowy  / Product Owner,1
Lead Full Stack Engineer ReactJS |.Net,1
Analityk Biznesowy (Telekomunikacja),1
Konsultant SAP SuccessFactors (LMS),1
Drupal Developer,1
Java Fullstack Engineer,1
Security Network Specialist,1
"Senior Data Scientist, Marketing",1
Tester Manualno - AutomatyzujƒÖcy,1
Junior Test Automation Developer,1
Analityk ds. szacowania z≈Ço≈ºono≈õci,1
QA Manager,1
Specjalista ds. system√≥w informatycznych,1
Senior Front-end developer,1
Operator System√≥w Bankowo≈õci,1
Junior Backend Java Developer,1
Administrator Aplikacji BPM,1
"Fullstack Developer (.NET,React)",1
AWS Devops Engineer- Remote,1
AWS DevOps Mid Engineer- Remote,1
Growth Product Manager,1
Senior Pre-Sales Solution Engineer,1
Developer Node.js,1
Junior Helpdesk Specialist,1
"Full-stack Developer (PHP, Vue / React)",1
Salesforce DevOps,1
C/C# Developer,1
Senior DevSecOps Engineer,1
Senior Java Developer (+ Boomi),1
Senior IT Operations Engineer,1
Ruby on Rails Developer - Remote JOB,1
Node.js AWS Developer,1
UI Designer,1
Mid Vue.js Developer,1
Data Engineer - Tech Lead,1
Senior AWS DevOps,1
Web Product Analyst,1
Database Reliability Engineer (DBRE),1
Economy Designer,1
Starszy Analityk /Starsza Analityczka IT,1
Front-end/UI Developer,1
Android Automotive Developer (C++&Java),1
Remote .NET Developer,1
Senior QA Engineer with Python,1
Senior Microsoft365 Administrator,1
Senior BI Developer,1
Java BACKEND Developer,1
IT Leadership program,1
Engineer Operations webMethods,1
Salesforce Architect,1
.NET BACKEND Developer,1
SAP Finance Consultant in AMS,1
Database Reliability Engr- ElasticSearch,1
üëâProject/Delivery Manager GDA≈ÉSK,1
Lead Delivery Manager,1
Junior IT support specialist,1
ADMINISTRATOR APLIKACJI,1
Visual Basic Programmer,1
Senior Java Fullstack Developer (Hybrid),1
